Questions,Option 1,codex_score,codex_score_2
"A 32-year-old woman comes to the physician because of a 3-week history of intermittent loose stools and a 1.2-kg (2.6-lb) weight loss. She immigrated to the US from Uganda 6 weeks ago. Abdominal examination shows diffuse tenderness with no guarding or rebound. The liver is firm and palpable 3 cm below the right costal margin, and the spleen is palpable just below the left costal margin. Her leukocyte count is 12,800/mm3 (12% eosinophils). Stool culture shows several oval-shaped eggs with lateral spines. Microscopic examination of a liver biopsy specimen shows granulomatous inflammation with periportal fibrosis. Exposure to what substance is most likely to have played a role in the development of this patient's symptoms?",Schistosomiasis.,1,0
"A 30-year-old woman comes to the physician because she has been unable to conceive for 3 years. Analysis of her husband's semen has shown normal sperm counts during this time. The patient also reports episodic pelvic and back pain accompanied by painful diarrhea for 5 years. She has about one such episode on average per month for 4–6 days. She has taken ibuprofen for the pain, which has provided some relief. Menses have occurred at regular 29-day intervals since menarche at the age of 14 years and last for 7 days. She is sexually active with her husband and does not use contraception. Vital signs are within normal limits. Pelvic and bimanual examinations are normal; rectal examination is unremarkable. A hysterosalpingogram 6 months prior showed normal results. Corresponding to the signs and symptoms, the patient presents with and the investigations performed already, what immediate measures of management are to be initiated, prioritising their urgency, and keeping in mind the probable diagnosis for the same?",endometriosis,1,0
"A one-day-old male is evaluated in the hospital nursery for bilious vomiting. The patient has urinated multiple times since birth but has not yet passed meconium. He was born at 38 weeks gestation to a 36-year-old gravida 3 via vaginal delivery. The pregnancy was complicated by gestational diabetes. The patient’s mother received routine prenatal care and declined first trimester screening. She subsequently underwent a quadruple screen at 15 weeks gestation that demonstrated decreased maternal serum alpha-fetoprotein (AFP), increased beta-hCG, decreased unconjugated estriol, and increased inhibin A. Her last ultrasound prior to onset of labor demonstrated an amniotic fluid index (AFI) of 28 cm. The patient’s two older siblings are both healthy. The patient’s temperature is 97.8°F (36.6°C), blood pressure is 58/37 mmHg, pulse is 166/min, and respirations are 38/min. On physical exam, the patient is in moderate distress. His abdomen is firm and distended with hypoactive bowel sounds. What is the most likely etiology of this fetus’s presentation?",Congenital bowel obstruction (pyloric stenosis).,0,1
"A 3-week-old male newborn is brought to the hospital because of poor weight gain since birth. He was born at 38 weeks' gestation via normal vaginal delivery. He weighed 3005 g (6 lb, 10 oz) at birth and currently weighs 2835 g (6 lb, 4 oz). He has been latching on and breastfeeding well since birth. His mother has a history of Graves' disease and underwent near-total thyroidectomy in the second trimester of her pregnancy after her symptoms could not be controlled with antithyroid drugs. She is currently receiving L-thyroxine therapy. The patient's temperature is 38.9°C (102°F), pulse is 176/min, and respirations are 42/min. He appears irritable. Examination shows a diaphoretic infant with a paucity of subcutaneous fat. There is swelling of the neck at the midline. What is the cause",Thyroid function tests.,1,0
"A 22-year-old female college student is treated with metronidazole after presenting to student health services with itching, discharge, and pain in her vagina. At a party shortly afterward she experiences facial flushing, nausea, tachycardia, dyspnea, headache, and abdominal cramps after consuming alcohol. Serum levels of what enzymes are likely elevated in this patient following alcohol consumption?",Aldehyde dehydrogenase.,0,1
A 65-year-old woman schedules an appointment with her physician for evaluation of weight loss and weakness. The weakness is more noticeable when climbing stairs and combing hair. The weakness improves after brief exercise. She also has bladder incontinence for the past 4 weeks and was given an anticholinesterase agent with no improvement. Give most likely cause of the symptoms.,Parkinson's disease.,0,1
"A 29-year-old man presents to the emergency department due to central chest pain over the past 3 days which is constant and unrelated to exertion. The pain is sharp, severe, increases when lying down, and improves with leaning forward. The pain also radiates to his shoulders and neck. The patient has no past medical history. He has smoked 10 cigarettes per day for the past 7 years and occasionally drinks alcohol. He presents with vital signs: blood pressure 110/70 mm Hg, regular radial pulse of 95/min, and temperature 37.3°C (99.1°F). On physical exam, a scratching sound of to-and-from character is audible over the left sternal border at end-expiration with the patient leaning forward. His chest X-ray is normal and ECG is shown in the picture. How should this condition be managed further?",Thoracentesis.,0,1
A 65-year-old man comes to the physician because of a 1-week history of yellowish discoloration of his skin and generalized pruritus. Examination shows jaundice of the skin and scleral icterus. Urinalysis shows an elevated concentration of bilirubin and a low concentration of urobilinogen. what is the etiopathogenesis of this disease?,Gallstone.,1,0
A 54-year-old male makes an appointment with his primary care physician due to chronic fatigue that has left him unable to hike or do other physically demanding activities with his friends. He has well-controlled hypertension and diabetes but has otherwise been healthy. He does not smoke but drinks socially with his friends. Physical exam reveals enlarged nodules that are not tender to palpation. A biopsy is obtained showing a characteristic change in chromosome 18. The regulation of what protein will be most abnormal in this patient?,M-protein.,0,1
"A man is brought into the emergency department by the police department. The officer state that the man has been arrested multiple times for public alcohol intoxication, but recently became homeless. On exam, the man is behaving erratically. His vitals are all within normal limits. He appears confused and has a slurred speech. On gait exam, the patient is ataxic and cannot stand without support for more than a few seconds. Labs return with the following values: Na 140, K 4, Cl 106, BUN 8, Cr 2. His ABG has pH 7.3, PaCO2 13mm, PaO2 130mm, HCO3 7. His urinalysis is shown in Figure 1. Blood salicylate levels return as normal. Describe the treatment strategy for this patient",hypokalemia and metabolic acidosis,1,0
"A 37-year-old-woman presents to her primary care physician requesting a new form of birth control. She has been utilizing oral contraceptive pills (OCPs) for the past 8 years, but asks to switch to an intrauterine device (IUD). Her vital signs are: blood pressure 118/78 mm Hg, pulse 73/min and respiratory rate 16/min. She is afebrile. Physical examination is within normal limits. What past medical history statement would make copper IUD placement contraindicated in this patient?",History of pelvic inflammatory disease (PID).,0,1
"A 7-year-old boy is brought to his pediatrician’s office for a follow-up visit. He was diagnosed with asthma when he was 3 years old and has since been on treatment for the condition. He is currently on a β-agonist inhaler because of exacerbation of his symptoms. He has observed that his symptoms are more prominent in springtime, especially when the new flowers are blooming. His mother has a backyard garden and whenever he goes out to play there, he experiences chest tightness with associated shortness of breath. He has been advised to take more precaution during this seasonal change and to stay away from pollen. He is also being considered for an experimental therapy, which attenuates the activity of certain mediators which cause his asthmatic attack. The targeted mediator favors the class switching of antibodies. A reduction in this mechanism will eventually reduce the exaggerated response observed during his asthmatic attacks, even when exposed to an allergen. Describe the mechanism involved in class switching along with appropriate mediators involved in the process?","Class switching, IL-4, IL-13.",0,1
"A newborn is found to be extremely cyanotic immediately after birth. He then develops progressive respiratory failure and is admitted to the neonatal ICU. A single loud S2 heart sound is appreciated as well as a machine-like murmur at the left upper sternal border. Radiography shows an enlarged ""egg-shaped"" heart. The newborn is then taken for a atrial septostomy to alleviate the condition pending definitive surgical correction. Describe the etiology of this disease?",Tetralogy of Fallot.,0,1
"A 23-year-old primigravida presents for a regular prenatal care visit at 16 weeks gestation. She complains of increased fatigability, but is otherwise well. She takes folic acid, iron, and vitamin D supplementation. Her vital signs are as follows: blood pressure, 110/70 mm Hg; heart rate, 86/min; respiratory rate, 13/min; and temperature, 36.6℃ (97.9℉). The physical examination is unremarkable. The complete blood count results are as below:
Erythrocyte count 3.9 million/mm3
Hb 11.1 g/dL
HCT 32%
Reticulocyte count 0. what further investigation are to be conducted",Direct Coombs test.,0,1
"A 56-year-old man with a history of hypertension presents to his physician with progressive fatigue and new onset muscle cramps. He has had no recent changes to his medication regimen, which includes hydrochlorothiazide, lisinopril, and amlodipine. His temperature is 98.0°F (36.7°C), blood pressure is 174/111 mmHg, pulse is 70/min, respirations are 12/min, and oxygen saturation is 98% on room air. The patient's cardiopulmonary and abdominal exams are unremarkable. Laboratory values are ordered as seen below.

Serum:
Na+: 138 mEq/L
Cl-: 100 mEq/L
K+: 3. Describe the etiology for hypertension in this patient","The patient's hypertension is likely due to the combination of the diuretic effect of hydrochlorothiazide and the calcium channel blocker effect of amlodipine. The patient's muscle cramps are likely due to the hypokalemia. The patient's fatigue could be due to anemia, which is a possible side effect of lisinopril, or it could be due to the hypokalemia.",1,0
A 44-year-old African-American woman comes to the physician for a routine examination. She is concerned about cancer because her uncle died of metastatic melanoma 1 year ago. She has no history of serious illness and does not take any medication. She has been working in a law firm for the past 20 years and travels to the Carribean regularly with her husband. Examination of her skin shows no abnormal moles or warts. explain the risk factor that increases the risk of development of melanoma in this patient ?,Family history of melanoma.,1,0
A 4-year-old boy is brought to the emergency department because of severe abdominal pain and bilious vomiting for 6 hours. He has not had bowel movements in the past 24 hours. He appears ill. His temperature is 37.8°C (100°F) and pulse is 122/min. Examination shows a distended abdomen. There is tenderness to palpation in the lower abdomen; guarding and rebound tenderness are present. Bowel sounds are decreased. An x-ray of the abdomen shows dilated loops of bowel. He has been accompanied by his 14-year-old brother. The surgeon recommends an emergency laparotomy. The parents are away visiting friends and cannot be reached. What would be the most appropriate next best step in management?,Contact the on-call pediatric surgeon or a pediatrician.,1,0
"A 17-year-old female is brought to the emergency room by her father because she has been experiencing shortness of breath and chest pain. She says that the chest pain is worse when she breathes or coughs. Furthermore, on the way to the hospital she noticed that there were specks of blood on a tissue that she coughed into. She has no previous medical history and does not recall anything that could have provoked these symptoms. On presentation her temperature is 99°F (37.2°C), blood pressure is 107/65 mmHg, pulse is 102/min, respirations are 21/min, and O2 saturation is 91% on room air. Further testing shows a large filling defect in the pulmonary vessels, and the patient is started on an appropriate treatment intravenously. After drug administration, the effects of the drug are monitored using a standard blood test. Surprisingly, the test results come back within normal parameters. What is the most likely mode of inheritance for the underlying cause of a 17-year-old female's symptoms?",Acquired.,0,1
"A 30-year-old African American woman comes to the physician for the evaluation of a dry cough and chest discomfort for the past 3 days. During this period, the patient has had headaches, muscle aches, joint pain, fever, and chills. Ten days ago, she was hiking with her family in Mississippi. The patient has asthma that is treated with an albuterol inhaler. Her mother has a lung disease treated with methotrexate. The patient has smoked one pack of cigarettes daily for the past 10 years. Her temperature is 38°C (100.4°F). Physical examination shows slight wheezes throughout both lung fields. Laboratory studies and urinalysis are positive for polysaccharide antigen. Bronchoalveolar lavage using silver/PAS-staining shows macrophages filled with a dimorphic fungus with septate hyphae. What is the most likely cause of this patient's clinical presentation?",Histoplasmosis.,0,1
"A 5-year-old female is brought to a speech therapist for continuing work on improving her communication skills. She is only able to verbalize two word sentences and has generalized developmental delay. When she was born it was noticed that she had a high pitched mewing cry and subsequent physical exam revealed microcephaly, prominent epicanthal folds, and a holosystolic murmur best heard in the left 5th intercostal space near the sternum. 
Describe the genetic anomaly seen in this case?",Turner syndrome.,0,1
"A 67-year-old male is seen by neurology after he was noticed to be speaking strangely by his family. After acute treatment with tissue plasminogen activator (tPA), the patient is able to recover most of his speech. Subsequent neurologic exam finds that the patient is fluent while speaking and is able to comprehend both one and two step instructions. Noticeably the patient remains unable to complete tasks involving verbal repetition. What structure is most likely affected, causing the 67-year-old male's inability to complete tasks involving verbal repetition?",Hippocampus.,0,1
"A 53-year-old man with recurrent pancreatic adenocarcinoma is enrolled in a clinical trial for a novel chemotherapeutic agent that his physician believes may be beneficial to his condition. The novel drug was previously tested in a small population and is now undergoing a larger phase 3 trial in preparation for FDA approval. Corresponding to the signs and symptoms, the patient presents with and the investigations performed already, what immediate measures of management are to be initiated, prioritising their urgency, and keeping in mind the probable diagnosis for the same?","Initiate the novel chemotherapeutic agent as part of the clinical trial, monitor the patient's quality of life, perform imaging studies to assess the extent of the disease, and monitor the patient's liver and kidney function.",0,1
"Six days after undergoing surgical repair of a hip fracture, a previously healthy 79-year-old woman is agitated and confused. She is unarousable during the day, but then is awake and impulsive during the night, requiring frequent reorientation. Her husband says that she usually drinks one to two glasses of wine weekly. Her only current medication is oxycodone for pain. Her vital signs are within normal limits. She is distressed and oriented to person but not to place or time. Neurologic examination shows inattentiveness but no focal deficits. Urine dipstick is normal. Inattentivenss but no focal deficits after hip fracture is seen in which condition",Delirium.,1,0
"A 27-year-old man presents to the emergency department after a motor vehicle collision. The patient was the front seat unrestrained driver in a head on collision. The patient’s echocardiogram (ECG) is notable only for sinus tachycardia. His temperature is 99.5°F (37.5°C), blood pressure is 107/58 mmHg, pulse is 120/min, respirations are 17/min, and oxygen saturation is 98% on room air. The patient is given 2 liters of Ringer lactate solution and morphine. Initial workup demonstrates that the patient’s pulmonary capillary wedge pressure and troponins are elevated. The patient is currently complaining of chest pain. Physical exam is notable for an uncomfortable young man with bruising over his chest wall. What is the most likely diagnosis?",Pulmonary embolism.,1,0
"An otherwise healthy 50-year-old man comes to the physician because of a 6-month history of increasingly frequent episodes of upper abdominal pain, nausea, vomiting, and diarrhea. He has had a 3.2-kg (7-lb) weight loss during this time. Physical examination shows bilateral pitting pedal edema. An endoscopy shows prominent rugae in the gastric fundus. Biopsy shows parietal cell atrophy. Based on the patient's symptoms, physical examination, and biopsy findings, what is the most likely underlying cause or pathophysiology of his condition? Discuss the significance of the parietal cell atrophy and its implications.",Autoimmune atrophic gastritis.,1,0
"A 40-year-old man presents to his primary-care doctor for a follow-up of his hypertension. He is asymptomatic at his office visit and denies any new complaints. He has a 10-year history of hypertension that remains poorly controlled on maximum doses of lisinopril, hydrochlorothiazide, and amlodipine. His past medical history is otherwise unremarkable. He has no smoking history, drinks alcohol occasionally, and denies any illicit drug use. His father required a kidney transplant in his forties. The physical exam is notable for palpable flank masses bilaterally. Laboratory studies show a creatinine of 2.5. The physician orders a renal ultrasound, and the results are shown. How will you screen for additional complications of this patient's condition?",Order a CT angiogram to screen for intracranial aneurysms.,1,0
"A 27-year-old man presents to the emergency department. He was brought in by staff from the homeless shelter when they found him unresponsive. The patient is a known IV drug abuser but otherwise has an unknown past medical history. He currently attends a methadone clinic. His temperature is 99.5°F (37.5°C), blood pressure is 97/48 mmHg, pulse is 140/min, respirations are 29/min, and oxygen saturation is 98% on room air. Initial laboratory values are shown below.

Serum:
Na+: 139 mEq/L
Cl-: 100 mEq/L
K+: 6.3 mEq/L
HCO3-: 17 mEq/L
Glucose: 589 mg/dL

The patient is given treatment. After treatment, his temperature is 99.5°F (37.5°C), blood pressure is 117/78 mmHg, pulse is 100/min, respirations are 23/min, and oxygen saturation is 98% on room air. His laboratory values are seen below.

Serum:
Na+: 139 mEq/L
Cl-: 100 mEq/L
K+: 4. How will you further manage the patient.",Admit the patient to the intensive care unit for close monitoring and management of hypokalemic periodic paralysis. Initiate intravenous potassium replacement to prevent further hypokalemia and cardiac complications. Evaluate the patient's drug use and medical history to determine the underlying cause of his hypokalemia and metabolic acidosis.,1,0
"A 26-year-old male presents to his primary care physician with complaints of burning with urination, penile discharge, and intermittent fevers. A urethral smear shows gram negative diplococci within white blood cells. The organism grows well when cultured on Thayer-Martin agar. The patient is prescribed a course of ceftriaxone and the infection resolves without further complication. One year later, the patient returns with the same infection. State the reason for lack of immunity in this patient",Weak immune system.,1,0
"A 66-year-old man is brought to the emergency room by his wife due to abdominal distension and persistent somnolence for the past 2 weeks. The patient’s wife says that he has been sleeping much more than usual for the past 5 days. His bowel and bladder habit have not changed. His past medical history is significant for alcoholic liver cirrhosis. His vital signs include: pulse 76/min, respiratory rate 15/min, temperature 38.0°C (100.4°F) and blood pressure 122/75 mm Hg. On physical examination, the patient is altered and not responsive to commands. Oriented x 0. The abdomen is significantly distended. Shifting dullness is present and a positive fluid wave can be elicited. Hyperreflexia and asterixis are noted. Laboratory findings are significant for the following:
Laboratory test
Sodium 140 mEq/L
Potassium 3.5 mEq/L
Chloride 97 mEq/L
Glucose 90 mg/dL
Ammonia 100 µg/dL (ref: 19-60 µg/dL)
Arterial blood gas
pH 7.4
pCO2 40 mm Hg
pO2 90 mm Hg
HCO3 26 mEq/L
An abdominal ultrasound shows surface nodularity compatible with cirrhosis but no other changes aside from ascites. An upper GI endoscopy is performed which shows gastric varices with no signs of active bleeding. An MRI of the brain is insignificant. What is the most likely precipitating factor that led to this patient’s condition?",Alcoholic liver cirrhosis.,1,0
"A 57-year-old female with a past medical history of alcoholism presents to the emergency room vomiting bright red blood. She is accompanied by her partner, who reports that she had been complaining of black and tarry stools for the past several days. Vital signs are temperature 37 degrees celsius, heart rate 141 beats per minute, blood pressure 90/60, respiratory rate 20, and oxygen saturation 99% on room air. On physical examination, she has splenomegaly and a positive fluid wave. The remainder of her examination is within normal limits. The patient is stabilized with intravenous fluids, and her blood pressure improves. Subsequent emergent upper endoscopy reveals bleeding from the submucosal veins in the lower 1/3 of the esophagus, but no gastric bleed. In the endoscopy suite she also receives IV octreotide. State the drug mediated treatment strategy for this patient","Proton pump inhibitors, blood transfusion, and addressing alcoholism.",0,1
"A 62-year old female comes to the physician because of vaginal spotting and urinary urgency for the past 4 days. She has had no fever, abdominal pain, or diarrhea. Menopause occurred at 52 years of age. Her last Pap smear 1 year ago was normal. She has hypertension, hypercholesterolemia, and diabetes. Medications include atorvastatin, hydrochlorothiazide, metformin, and aspirin. She is sexually active with her husband. Her temperature is 37°C (98.6°F), pulse is 95/min, respirations are 12/min, and blood pressure is 155/65 mm Hg. Pelvic exam demonstrates a 4 x 3 cm firm, immobile erythematous mass on the right inner vaginal wall. What is the appropriate management",Refer to a gynecologist.,1,0
"A 42-year-old woman comes to the emergency department because of a 2-day history of right upper abdominal pain and nausea. She is 163 cm (5 ft 4 in) tall and weighs 91 kg (200 lb); her BMI is 34 kg/m2. Her temperature is 38.5°C (101.3°F). Physical examination shows a distended abdomen and right upper quadrant tenderness with normal bowel sounds. Laboratory studies show:
Leukocyte count 14,000/mm3
Serum
Total bilirubin 1.1 mg/dL
AST 32 U/L
ALT 40 U/L
Alkaline phosphatase 68 U/L
Abdominal ultrasonography is performed, but the results are inconclusive. Cholescintigraphy shows the intrahepatic bile ducts, hepatic ducts, common bile duct, and proximal small bowel. What is causing the patient's symptoms?",Acute cholangitis.,1,0
"A junior orthopaedic surgery resident is completing a carpal tunnel repair with the department chairman as the attending physician. During the case, the resident inadvertently cuts a flexor tendon. The tendon is repaired without complication. The attending tells the resident that the patient will do fine, and there is no need to report this minor complication that will not harm the patient, as he does not want to make the patient worry unnecessarily. He tells the resident to leave this complication out of the operative report. Describe the appropriate ethical action that the resident must take in this condition","The resident should document the complication in the operative report, even if the attending physician has instructed them not to.",1,0
A 3-week-old male newborn is brought to the physician because of an inward turning of his left forefoot. He was born at 38 weeks' gestation by cesarean section because of breech presentation. The pregnancy was complicated by oligohydramnios. Examination shows concavity of the medial border of the left foot with a skin crease just below the ball of the great toe. The lateral border of the left foot is convex. The heel is in neutral position. Tickling the lateral border of the foot leads to correction of the deformity. The remainder of the examination shows no abnormalities. X-ray of the left foot shows an increased angle between the 1st and 2nd metatarsal bones. What is the most suitable course of action to manage this case?,Immobilize the foot in a neutral position using a cast or splint.,0,1
