Questions,Option 1,kj_score,kj_score_2
"A 30-year-old woman comes to the physician because she has been unable to conceive for 3 years. Analysis of her husband's semen has shown normal sperm counts during this time. The patient also reports episodic pelvic and back pain accompanied by painful diarrhea for 5 years. She has about one such episode on average per month for 4–6 days. She has taken ibuprofen for the pain, which has provided some relief. Menses have occurred at regular 29-day intervals since menarche at the age of 14 years and last for 7 days. She is sexually active with her husband and does not use contraception. Vital signs are within normal limits. Pelvic and bimanual examinations are normal; rectal examination is unremarkable. A hysterosalpingogram 6 months prior showed normal results. Corresponding to the signs and symptoms, the patient presents with and the investigations performed already, what immediate measures of management are to be initiated, prioritising their urgency, and keeping in mind the probable diagnosis for the same?",endometriosis,0,1
"A 43-year-old man with a history of schizophrenia, currently controlled with medication, comes in for an appointment with his internist. He is concerned about abnormal discharge from both nipples over the past 3 months. The fluid is white, and he wonders if it could be milk. On further review of systems, he endorses a diminished sexual drive. The physician suspects that one of the patient's medications may be the culprit for these symptoms. Which medications most likely is the cause of this?",Risperidone.,0,1
"A healthy 23-year-old male is undergoing an exercise stress test as part of his physiology class. If blood were to be sampled at different locations before and after the stress test, what area of the body would contain the lowest oxygen content at both time points?",Muscles.,0,1
"A 45-year-old G5P4105 presents to her gynecologist’s office with six months of increasingly heavy periods. She now soaks one super absorbent tampon every two hours for five days each cycle. Her cycles have also become irregular, with intermenstrual bleeding for the last two months. She now experiences significant dysmenorrhea, requiring 400 mg ibuprofen every four hours for the majority of each menses. In addition, she reports new onset mild dyspareunia with intercourse and a “heavy feeling” in her pelvis. She has also noticed increased urinary frequency but denies bowel changes. The patient has a past medical history of obesity and type II diabetes on metformin. Her last child was born four years ago, and she has had five spontaneous vaginal deliveries. At this office visit, temperature is 98.5°F (36.9°C), blood pressure is 137/84 mmHg, pulse is 87/min, and respirations are 14/min. Give findings of physical exam present in this patient.","Enlarged uterus, firm irregular mass palpable in the right lower quadrant of the pelvis, and normal cervix.",0,1
"A 3-week-old male newborn is brought to the hospital because of poor weight gain since birth. He was born at 38 weeks' gestation via normal vaginal delivery. He weighed 3005 g (6 lb, 10 oz) at birth and currently weighs 2835 g (6 lb, 4 oz). He has been latching on and breastfeeding well since birth. His mother has a history of Graves' disease and underwent near-total thyroidectomy in the second trimester of her pregnancy after her symptoms could not be controlled with antithyroid drugs. She is currently receiving L-thyroxine therapy. The patient's temperature is 38.9°C (102°F), pulse is 176/min, and respirations are 42/min. He appears irritable. Examination shows a diaphoretic infant with a paucity of subcutaneous fat. There is swelling of the neck at the midline. What is the cause",Thyroid function tests.,0,1
A 65-year-old woman schedules an appointment with her physician for evaluation of weight loss and weakness. The weakness is more noticeable when climbing stairs and combing hair. The weakness improves after brief exercise. She also has bladder incontinence for the past 4 weeks and was given an anticholinesterase agent with no improvement. Give most likely cause of the symptoms.,Parkinson's disease.,1,0
"A post-mortem lung examination of a 68-year-old male overweight male with evidence of chronic lower extremity edema, a 60 pack-year smoking history and daily productive cough would be most likely to reveal:. Describe the diagnosis of this patient",COPD with emphysema and chronic bronchitis,0,1
"A 24-year-old G2P1 woman at 39 weeks’ gestation presents to the emergency department complaining of painful contractions occurring every 10 minutes for the past 2 hours, consistent with latent labor. She says she has not experienced vaginal discharge, bleeding, or fluid leakage, and is currently taking no medications. On physical examination, her blood pressure is 110/70 mm Hg, heart rate is 86/min, and temperature is 37.6°C (99.7°F). She has had little prenatal care and uses condoms inconsistently. Her sexually transmitted infections status is unknown. As part of the patient’s workup, she undergoes a series of rapid screening tests that result in the administration of zidovudine during delivery. The infant is also given zidovudine to reduce the risk of transmission. A confirmatory test is then performed in the mother to confirm the diagnosis of HIV. Describe the confirmatory test.",Western blot or immunofluorescence assay (IFA).,0,1
A 65-year-old man comes to the physician because of a 1-week history of yellowish discoloration of his skin and generalized pruritus. Examination shows jaundice of the skin and scleral icterus. Urinalysis shows an elevated concentration of bilirubin and a low concentration of urobilinogen. what is the etiopathogenesis of this disease?,Gallstone.,1,0
"A microbiologist is studying the emergence of a virulent strain of the virus. After a detailed study of the virus and its life cycle, he proposes a theory: Initially, a host cell is co-infected with 2 viruses from the same virus family. Within the host cell, concomitant production of various genome segments from both viruses occurs. Ultimately, the different genome segments from the viruses are packaged into a unique and novel virus particle. The newly formed virus particle is both stable and viable and is a new strain from the virus family that caused the outbreak of infection. Which virus is capable of undergoing above-mentioned process?",Influenza virus.,0,1
"A man is brought into the emergency department by the police department. The officer state that the man has been arrested multiple times for public alcohol intoxication, but recently became homeless. On exam, the man is behaving erratically. His vitals are all within normal limits. He appears confused and has a slurred speech. On gait exam, the patient is ataxic and cannot stand without support for more than a few seconds. Labs return with the following values: Na 140, K 4, Cl 106, BUN 8, Cr 2. His ABG has pH 7.3, PaCO2 13mm, PaO2 130mm, HCO3 7. His urinalysis is shown in Figure 1. Blood salicylate levels return as normal. Describe the treatment strategy for this patient",hypokalemia and metabolic acidosis,0,1
"A 37-year-old-woman presents to her primary care physician requesting a new form of birth control. She has been utilizing oral contraceptive pills (OCPs) for the past 8 years, but asks to switch to an intrauterine device (IUD). Her vital signs are: blood pressure 118/78 mm Hg, pulse 73/min and respiratory rate 16/min. She is afebrile. Physical examination is within normal limits. What past medical history statement would make copper IUD placement contraindicated in this patient?",History of pelvic inflammatory disease (PID).,0,1
"A 26-year-old woman presents to a gynecologist after a missed period. After performing a complete physical examination and a screening test for pregnancy, her gynecologist informs her that she is pregnant. She is very surprised as she has been taking oral contraceptives regularly. When the gynecologist asks her about the consumption of any other medications, she mentions that she was placed on treatment for pulmonary tuberculosis (TB) 2 months ago. Her current anti-TB regimen includes rifampin, isoniazid, pyrazinamide, and ethambutol. Explain why the oral contraceptives failed in this patient.",Interaction between oral contraceptives and anti-TB regimen.,0,1
"A 47-year-old executive schedules an appointment his physician for a routine medical check-up. He currently has no complaints and claims to be “as fit as a fiddle.” The physical examination findings are unremarkable, except for a mid-systolic murmur heard in the 2nd left intercostal space that radiates to the carotids on auscultation. The physician instructs the patient to stand from a supine position with the stethoscope still placed on his chest. Enlist the changes that would occur with this maneuver.","Increased intra-abdominal pressure, Increased venous return to the heart, Increased cardiac output, Increased blood pressure, Decreased heart rate.",0,1
"A 55-year-old truck driver is brought to a physician by his wife. She states that her husband developed a fever and began feeling weak 3 days ago, but has refused medical help. He has been unable to go to work because of his symptoms. The patient has been previously hospitalized for a tricuspid valve replacement surgery 1 year ago and takes aspirin daily. The medical history is also relevant for myocardial infarction 3 years ago and hypertension for the past 10 years, for which he takes lisinopril. His blood pressure is 140/80 mm Hg, the pulse is 82/min, the respirations are 18/minute, and the temperature is 37.2°C (98.9°F). On examination, several hemorrhages are noted on the nail beds of several fingers. What findings will help you establish a diagnosis?",Echocardiography.,0,1
"A newborn is found to be extremely cyanotic immediately after birth. He then develops progressive respiratory failure and is admitted to the neonatal ICU. A single loud S2 heart sound is appreciated as well as a machine-like murmur at the left upper sternal border. Radiography shows an enlarged ""egg-shaped"" heart. The newborn is then taken for a atrial septostomy to alleviate the condition pending definitive surgical correction. Describe the etiology of this disease?",Tetralogy of Fallot.,0,1
"A 23-year-old primigravida presents for a regular prenatal care visit at 16 weeks gestation. She complains of increased fatigability, but is otherwise well. She takes folic acid, iron, and vitamin D supplementation. Her vital signs are as follows: blood pressure, 110/70 mm Hg; heart rate, 86/min; respiratory rate, 13/min; and temperature, 36.6℃ (97.9℉). The physical examination is unremarkable. The complete blood count results are as below:
Erythrocyte count 3.9 million/mm3
Hb 11.1 g/dL
HCT 32%
Reticulocyte count 0. what further investigation are to be conducted",Direct Coombs test.,0,1
"A 26-year-old G1P0 woman presents to her primary care physician’s office with feelings of anxiety and trouble with sleep. She finds it difficult initiating sleep, occasionally has palpitations, and feels fatigued. She denies having similar symptoms in the past or starting any new medications or illicit drugs. She is currently 10 weeks pregnant and is closely followed by her obstetrician. Her temperature is 98.6°F (37°C), blood pressure is 125/70 mmHg, pulse is 105/min, and respirations are 18/min. On physical exam, the patient is mildly diaphoretic. The skin is warm and the thyroid gland is diffusely enlarged with thyroid bruits. Laboratory studies are significant for a thyroid-stimulating hormone level of 0.01 µU/mL (normal is 0.5-5.0 µU/mL) and an elevated free thyroxine (FT4) that is inappropriate for her pregnancy. Given her laboratory results, which treatment option would be most appropriate for this patient?",Propylthiouracil (PTU) or methimazole.,1,0
"A 17-year-old female is brought to the emergency room by her father because she has been experiencing shortness of breath and chest pain. She says that the chest pain is worse when she breathes or coughs. Furthermore, on the way to the hospital she noticed that there were specks of blood on a tissue that she coughed into. She has no previous medical history and does not recall anything that could have provoked these symptoms. On presentation her temperature is 99°F (37.2°C), blood pressure is 107/65 mmHg, pulse is 102/min, respirations are 21/min, and O2 saturation is 91% on room air. Further testing shows a large filling defect in the pulmonary vessels, and the patient is started on an appropriate treatment intravenously. After drug administration, the effects of the drug are monitored using a standard blood test. Surprisingly, the test results come back within normal parameters. What is the most likely mode of inheritance for the underlying cause of a 17-year-old female's symptoms?",Acquired.,1,0
"A 30-year-old African American woman comes to the physician for the evaluation of a dry cough and chest discomfort for the past 3 days. During this period, the patient has had headaches, muscle aches, joint pain, fever, and chills. Ten days ago, she was hiking with her family in Mississippi. The patient has asthma that is treated with an albuterol inhaler. Her mother has a lung disease treated with methotrexate. The patient has smoked one pack of cigarettes daily for the past 10 years. Her temperature is 38°C (100.4°F). Physical examination shows slight wheezes throughout both lung fields. Laboratory studies and urinalysis are positive for polysaccharide antigen. Bronchoalveolar lavage using silver/PAS-staining shows macrophages filled with a dimorphic fungus with septate hyphae. What is the most likely cause of this patient's clinical presentation?",Histoplasmosis.,0,1
"A 5-year-old female is brought to a speech therapist for continuing work on improving her communication skills. She is only able to verbalize two word sentences and has generalized developmental delay. When she was born it was noticed that she had a high pitched mewing cry and subsequent physical exam revealed microcephaly, prominent epicanthal folds, and a holosystolic murmur best heard in the left 5th intercostal space near the sternum. 
Describe the genetic anomaly seen in this case?",Turner syndrome.,0,1
"A 67-year-old male is seen by neurology after he was noticed to be speaking strangely by his family. After acute treatment with tissue plasminogen activator (tPA), the patient is able to recover most of his speech. Subsequent neurologic exam finds that the patient is fluent while speaking and is able to comprehend both one and two step instructions. Noticeably the patient remains unable to complete tasks involving verbal repetition. What structure is most likely affected, causing the 67-year-old male's inability to complete tasks involving verbal repetition?",Hippocampus.,1,0
"A 39-year-old woman is brought to the emergency department because of fevers, chills, and left lower quadrant pain. Her temperature is 39.1°C (102.3°F), pulse is 126/min, respirations are 28/min, and blood pressure is 80/50 mm Hg. There is blood oozing around the site of a peripheral intravenous line. Pelvic examination shows mucopurulent discharge from the cervical os and left adnexal tenderness. Laboratory studies show:
Platelet count 14,200/mm3
Fibrinogen 83 mg/mL (N = 200–430 mg/dL)
D-dimer 965 ng/mL (N < 500 ng/mL)
When phenol is applied to a sample of the patient's blood at 90°C, a phosphorylated N-acetylglucosamine dimer with 6 fatty acids attached to a polysaccharide side chain is identified. A blood culture shows what findings?",Neisseria meningitidis.,0,1
"A 53-year-old man with recurrent pancreatic adenocarcinoma is enrolled in a clinical trial for a novel chemotherapeutic agent that his physician believes may be beneficial to his condition. The novel drug was previously tested in a small population and is now undergoing a larger phase 3 trial in preparation for FDA approval. Corresponding to the signs and symptoms, the patient presents with and the investigations performed already, what immediate measures of management are to be initiated, prioritising their urgency, and keeping in mind the probable diagnosis for the same?","Initiate the novel chemotherapeutic agent as part of the clinical trial, monitor the patient's quality of life, perform imaging studies to assess the extent of the disease, and monitor the patient's liver and kidney function.",1,0
"A 17-year-old football player with no significant past medical history, social history, or family history presents to his pediatrician with itching in his groin. He says this started during summer workouts leading up to this season. He denies having any rash anywhere else on his body. The blood pressure is 123/78 mm Hg, pulse is 67/min, respiratory rate is 15/min, and temperature is 38.1°C (98.7°F). Physical examination reveals an erythematous, well-demarcated patch with peripheral scale on the left thigh, pubic region, and perineum. There is no apparent scrotal involvement with the rash. How can you confirm the suspected diagnosis?",Potassium hydroxide (KOH) preparation or skin scraping.,1,0
"A 40-year-old man presents to his primary-care doctor for a follow-up of his hypertension. He is asymptomatic at his office visit and denies any new complaints. He has a 10-year history of hypertension that remains poorly controlled on maximum doses of lisinopril, hydrochlorothiazide, and amlodipine. His past medical history is otherwise unremarkable. He has no smoking history, drinks alcohol occasionally, and denies any illicit drug use. His father required a kidney transplant in his forties. The physical exam is notable for palpable flank masses bilaterally. Laboratory studies show a creatinine of 2.5. The physician orders a renal ultrasound, and the results are shown. How will you screen for additional complications of this patient's condition?",Order a CT angiogram to screen for intracranial aneurysms.,0,1
"A 37-year-old man with no significant past medical history is rear-ended in a motor vehicle accident. He reported significant neck pain to emergency responders, but otherwise denies weakness, numbness or tingling in his extremities. His vitals on presentation to the ED are HR 90, BP 140/80, RR 20, SpO2 98%. Describe the steps of management for this patient in emergency room","Immobilize the patient's neck and spine, transport to radiology for imaging studies.",1,0
"A 26-year-old male presents to his primary care physician with complaints of burning with urination, penile discharge, and intermittent fevers. A urethral smear shows gram negative diplococci within white blood cells. The organism grows well when cultured on Thayer-Martin agar. The patient is prescribed a course of ceftriaxone and the infection resolves without further complication. One year later, the patient returns with the same infection. State the reason for lack of immunity in this patient",Weak immune system.,0,1
"A 57-year-old female with a past medical history of alcoholism presents to the emergency room vomiting bright red blood. She is accompanied by her partner, who reports that she had been complaining of black and tarry stools for the past several days. Vital signs are temperature 37 degrees celsius, heart rate 141 beats per minute, blood pressure 90/60, respiratory rate 20, and oxygen saturation 99% on room air. On physical examination, she has splenomegaly and a positive fluid wave. The remainder of her examination is within normal limits. The patient is stabilized with intravenous fluids, and her blood pressure improves. Subsequent emergent upper endoscopy reveals bleeding from the submucosal veins in the lower 1/3 of the esophagus, but no gastric bleed. In the endoscopy suite she also receives IV octreotide. State the drug mediated treatment strategy for this patient","Proton pump inhibitors, blood transfusion, and addressing alcoholism.",1,0
"A 65-year-old man is brought to the emergency department 30 minutes after the onset of acute chest pain. He has hypertension and asthma. Current medications include atorvastatin, lisinopril, and an albuterol inhaler. He appears pale and diaphoretic. His pulse is 114/min and blood pressure is 130/88 mm Hg. An ECG shows ST-segment depressions in leads II, III, and aVF. Laboratory studies show an increased serum troponin T concentration. The patient is treated for acute coronary syndrome and undergoes percutaneous transluminal coronary angioplasty. At the time of discharge, echocardiography shows a left ventricular ejection fraction of 58%. Describe the medication regimen in this patient","Atorvastatin, Lisinopril, Albuterol inhaler, Beta blockers, ACE inhibitors or ARBs, Antiplatelet agents, Nitrates, Aldactone.",1,0
