Questions,Option 1,Approach - 1,Correctness of Option 1,Option 2,Approach - 2,Correctness of Option 2
A 26 year old woman came to the opd to discuss her routine cervical smear report. She has had one previous smear four years prior which had been normal. She is sexually active and has had two new partners since the last smear. She had an episode of a severe vaginal infection that had been treated with oral and vaginal medications about a year back. She does experience excessive vaginal discharge on and off still. Her Pap smear is reported as ASC-H (atypical squamous cells - cannot exclude high grade squamous intraepithelial lesion). Her speculum examination reveals a large cervical erosion which bleeds on touch. What is the next best clinical step for this patient?,Colposcopy.,Codex,Correct,Endocervical curettage.,KJ,Correct
"A 9 year old male child from a slum area presented to the dermatology outpatient department with intensely pruritic lesions all over body for a week. On further inquiry, it came to notice that other 4 members in the family including his two siblings and parents have similar complaints. The itching gets worse at night. On physical examination, areas like finger web spaces, axillae, groin area, abdomen, buttocks, thighs and genitals were involved. What is the treatment of choice for it?",Permethrin cream or lotion.,Codex,Correct,Topical permethrin 5% cream or lotion.,KJ,Correct
A 29 year old primigravida with 28 weeks gestation visited the ER complaining of reduced fetal movements on that day. She reports that this is an IVF conception and she has been on daily injections throughout her pregnancy. She reports that her last ultrasound examination had revealed reduced liquor around the baby and she has since been on bed rest. She does not have any pain or vaginal discharge or bleeding. She has been getting regular antenatal check ups and does not recall any raised blood pressure readings. What parameters in her ultrasound examination will be determinant of fetal wellbeing?,"Nonstress test, Biophysical profile, Doppler ultrasound, Fetal growth restriction, Amniotic fluid index, and Umbilical artery Doppler.",Codex,Correct,"Fetal biometry, fetal growth velocity, amniotic fluid index, umbilical artery Doppler, fetal heart rate monitoring, and maternal serum markers.",KJ,Correct
"A 58 year old man visits a physician for oral ulcers for two weeks, not resolving with vitamin supplementation. There is no history of any trauma, dental treatment or dietary alterations. There is a history of mild cold and rhinitis along with erosions in the axillae and groin area. He has been known hypertensive for 8 years and has had a single episode of MI two months ago, for which he was hospitalised and started on new drugs. What could be the most likely cause of the oral ulceration?",Drug reaction.,Codex,Correct,drug-induced oral ulcers.,KJ,Correct
"68 year old lady, a non smoker, without any comorbidity, presented with c/o mild cough since last few months which is not responding to treatment. Lately she has been having some fever. There is no chest pain or body ache, breathlessness, change in voice, loss of appetite or loss of weight. X ray chest showed an opacity in left lung. CT scan of thorax revealed a mass in the left upper lobe measuring around 6 x 5 cm with significantly mediastinal enlarged lymph nodes. CT guided biopsy from the mass revealed it to be an Adenocarcinoma of lung. PET CT showed the lung mass and the mediastinal lymph nodes to be FDG avid. There was no evidence of disease in the rest of the body. MRI Brain was normal and did not show any evidence of metastasis. What should be the next investigation.","Discuss treatment options with the patient (surgery, chemotherapy, radiation therapy).",Codex,Incorrrect,PET scan and MRI of the spine and bones.,KJ,Correct
"A 64 year old man with type 2 diabetes mellitus and chronic renal disease is on dialysis. Recently he has started developing pruritic papules and nodules on both the shins. On examination, the lesions are umbilicated with central adherent plug. The histopathology study of a biopsy shows epidermal invagination often involving a dilated hair follicle with a keratotic plug consisting of collagen, keratin or elastic fibers. What would be the most likely diagnosis?",Nephrogenic systemic fibrosis (NSF).,Codex,Correct,nephrogenic systemic fibrosis.,KJ,Correct
"An 8 year old male child presented to the dermatology outpatient department with dry scaly skin lesions with mild itching and erythema. On further examination, the scales were thick, micaceous, silvery and showed pin-point bleeding on removal. The skin lesions were present on all four extremities, abdomen, back, buttocks, scalp and nails showed pitting and subungual hyperkeratosis. Mucosae and hair were spared. What is the diagnosis?",Psoriasis.,Codex,Correct,Psoriasis,KJ,Correct
"A 24 old young female referred by a physician. Visited a physician due to breathlessness n palpitations episodes. ECG, all blood tests normal. She recently joined new job. Says feels very anxious and stressed. Not sleeping well. Keeps thinking she will not do well. Imagine a boss firing her. Has episodes of freezing, intense palpitaitons, sweating and feels cold clammy. These episodes occur almost daily and last 10-15 mins. She’s unable to work well. Has taken frequent leaves last ten days. Having headache . Does not feel like going to work. What can be the problem?",Anxiety disorder/Panic attacks.,Codex,Correct,Panic Attacks.,KJ,Correct
"A 27 year old man presented with red painful nodules over both shins for five days. He also gives a history of persistent dry cough and shortness of breath. On further enquiry, he experiences blurred vision and occasional pain in his eyes. On examination, there was a single palpable asymptomatic nodule in the right axilla. Which one blood test will confirm the diagnosis?",Angiotensin-converting enzyme (ACE) level.,Codex,Correct,AFB smear or culture.,KJ,Incorrrect
"A 3 year old child was brought in my parents as he keeps repeating nursery rhymes all day, but does not follow their instructions. Parents proudly say he knows A-Z, names all animals and birds, nursery rhymes. Knows to operate phones and watches phone many hours. On examination child is lost in himself, not able to answer or follow simple instructions. Can not sit in one place. Does not give eye contact. Does not reciprocate to hi/ bye. He keeps jumping in one place, switches the light button on and off. He does not sleep well at night. Can not eat solid foods. What is the like diagnosis?",Autism Spectrum Disorder (ASD).,Codex,Correct,Attention Deficit Hyperactivity Disorder (ADHD),KJ,Incorrrect
"A 35 year old businessman from Shimla has a history of itching and thick lesions in axillae, groins and around the neck area for more than 20 years. His father has similar skin lesions. Recently he visited Maharashtra in the month of May and noticed exacerbation of the condition with foul smelling, itchy, thick skin lesions leading to painful erosions and rhagades. The dermoscopy shows polymorphous vessels such as glomerular and linear-looped vessels within a pink-whitish background. What is the diagnosis?",Erythroderma.,Codex,Correct,Congenital Cutaneous Leishmaniasis.,KJ,Incorrrect
"A 32 year old female from Mumbai, presented at dermatology OPD with multiple light pink coloured annular plaques all over body for 2 weeks. On examination, face, palms, soles, scalp and mucosae were spared. Patient’s general condition was good, with BP 130/80 mmHg, pulse 78/min, with no respiratory distress. The lesions are slightly itchy and have fine scales. She gives a history of mild fever and cold a few weeks ago and noticed a single lesion on her abdomen, which then resolved, giving rise to the current rash. What could be the most likely causative agent?",Malassezia globosa.,Codex,Correct,Perform a viral screen.,KJ,Correct
"A 36 year old married pharmacist came with a history of inability to conceive. She has been married for 3 years and has been trying for a pregnancy for 1 year, though she never used any contraception before that. Her husband is 40 years old and has a desk job at a firm. They do not face any difficulty in sexual intercourse. She has been using the fertile period method but she reports that as her cycles are irregular she has found it difficult to track her cycles. She reports that this cycle irregularity is recent, since past 5-6 months. She bleeds every 1.5-2 months with reduced flow and minimal period cramps. She has had one surgery for a twisted ovarian cyst which had been operated laparoscopically when she was 19 years old. Other than that she has been healthy. However she has noticed weight gain and lethargy in recent months. She is concerned that her age might be a factor in her inability to conceive. What investigations must be done next to help her conceive?","CCCT/CCT, hormonal profile, pelvic ultrasound, semen analysis, thyroid function test, prolactin level, androgen hormones, glucose tolerance test.",Codex,Correct,"pelvic ultrasound, hormonal tests, semen analysis, hysterosalpingogram, genetic testing.",KJ,Correct
"26 year old lady, a non smoker, with no comorbidity presented with complaints of blood in the sputum since 2 months. She had history of pulmonary TB 10 years back for which she had completed a course of Anti Tubercular Treatment (ATT) as per the advice of the local TB treatment centre. She had a recurrence of TB 5 years back which was diagnosed as multi drug resistant TB (MDR-TB). She was then put on ATT regimen for MDR TB for around 18 months. Patient mentioned that she is been having recurrent cough with expectoration and fever once or twice a year for last 3 years. She is otherwise healthy with good general condition and effort tolerance. She is able to climb 3 floors without stopping without any desaturation. X ray chest showed opacity in bilateral upper zone. CECT thorax showed an aspergilloma in the left upper lobe and a significant area of bronchiectasis in the right upper lobe. What should be the next best investigation.",Bronchoalveolar lavage (BAL).,Codex,Correct,sputum acid-fast bacilli (AFB) smear and culture.,KJ,Correct
A young 16 year old girl was brought by her parents as she cut herself on her wrists. She said she had a bad breakup with her boyfriend. She says she does not want to live any more. She feels sad. Does not enjoy any activities. Says there is no reason to live or achieve anything. Is not sleeping or eating since one week. Not attending her college. Only on phone all day . Crying all day and repeatedly calling her boyfriend who is not entertaining her calls. She threatens to end her life. What is the diagnosis and what is line of management?,major depressive disorder.,Codex,Correct,Major Depressive Disorder.,KJ,Correct
"A 35 year old woman pays a visit to the dermatology outpatient department for brittle nails, after getting a manicure. On further evaluation, she gives a history of burning sensation in the mouth after consuming hot or spicy food. On examination, the nails showed thin nails with onycholysis and pterygium. The buccal mucosa and tongue showed white patches and one ulcer. There were a few itchy dark papules over the ankles. What is the most likely diagnosis?",Lichen Planus.,Codex,Correct,Biopsy to confirm the diagnosis of lichen planus.,KJ,Correct
A 26 year old woman came to the obgyn opd with heaviness and dull aching pain in her lower abdomen for the last 2-3 months. She has been married for two years and has no other abdominal complaints. Her menses are regular and moderate in quantity. On abdominal examination there is a firm mass in her abdomen extending in the midline from pelvis till up till the umbilicus. It is mobile and non tender. On vaginal examination cervix appears healthy and is contiguous with the mass. What MRI features of such a mass would indicate malignant potential?,"Solid component with irregular margins, ill-defined borders, or areas of necrosis.",Codex,Correct,"Rapid growth, irregular shape, ill-defined margins, enhancement, restricted diffusion, high signal intensity on T2-weighted images, low signal intensity on T1-weighted images, presence of necrosis or hemorrhage.",KJ,Correct
"A 40 year old male presented to the casualty with breathlessness. He had been feeling this since ten mins so wife rushed him . His heart rate was 150 . He was flushed n could not speak. All examinations were normal. Cardiologist said no issue. He then revealed he has had these episodes since two months where he feels breathless, heart beats fast, feels limp in throat and often worries when he Wil have the next attack . He says the attack subsides in 15-20 mins usually. He off late has been stressing a lot at work n has been going through some personal issues too",Refer the patient to a psychiatrist or a therapist.,Codex,Correct,Refer the patient to a psychiatrist or therapist.,KJ,Correct
"A 64 year old woman who stays at an old age home, presented with skin lesions over lower lip, nose and scalp. The lesions are plaques with mild crusting and on removal of the adherent crust, follicular spikes are seen underneath. She is a vegetable vendor and gives a history of burning sensation over the lesions on prolonged sun-exposure. On further examination, few scarring, central atrophy, telangiectasia and hypopigmentation was noticed on affected areas. Ears show small pitting. In which spectrum of lupus does she fit?",Discoid lupus erythematosus (DLE).,Codex,Correct,Subacute cutaneous lupus erythematosus (SCLE).,KJ,Incorrrect
"65 year old gentleman, a chronic smoker without any comorbidities, presented with c/o chronic cough since last 6 months. He is having mild blood in the sputum since last 7 days. There is no breathlessness, chest pain, change in voice, loss of appetite or loss of weight. X ray chest showed an opacity in the right lung. CECT thorax showed a 4 x 4 cm mass in the right upper lobe of lung with enlarged mediastinal lymph nodes. There was no other abnormality found. CT guided biopsy was done which revealed the mass to be a squamous cell carcinoma of lung. What should be the next investigation?",Positron Emission Tomography (PET) scan.,Codex,Correct,PET scan.,KJ,Correct
A 44 year old woman visited the opd c/o heavy menstrual bleeding for the past 10 days preceded by prolonged spotting for 8 days. she has recently noticed some irregularity in her menses in the last 3-6 months. She has noticed weight gain of about 3 kg in the same time period. She has had two normal deliveries and no other surgeries. She has diabetes mellitus and has been on tab. Metformin 500 mg three times a day for the last 2 years. She reports that her blood sugars are regularly checked but recently have been outside the limit advised by her GP. She is not a known hypertensive. An ultrasonography of the pelvis reveals a bulky uterus 12*7*8 cm in size with an endometrial thickness of 18mm showing cystic spaces within. What should be the next investigation and treatment plan in this patient?,"Hormonal evaluation, Glucose Tolerance Test.",Codex,Incorrrect,Endometrial biopsy.,KJ,Correct
"A 46 year old man visits an outpatient department of dermatology with sudden loss of scalp hair in patches. On a detailed examination, partial loss of eyelashes were noticed. Hair pull test was positive at the margins of the bald patches. On dermoscopic evaluation, black dots, yellow dots, broken and tapering hair were observed. What is the drug of choice to halt the progression of the disease?",Triamcinolone.,Codex,Correct,intralesional triamcinolone injections.,KJ,Correct
"Parents bring in their 6 year old due to complaints from school teachers about his behavior. Does not sit in one place, distracts the class, does not do writing work. He keeps talking in class. He often gets up from his place. At home parents find it a challenge to get him to complete activities. Is always on the go. They now avoid going to restaurants as he gets very restless. What is the most likely diagnosis and management plan?",ADHD.,Codex,Correct,ADHD.,KJ,Correct
A 52 year old woman presented to the opd complaining of dull aching pain on the right side of her lower abdomen for the last 2-3 months. She is a para 3 with all three caesarean sections. She had her last menstrual period three years back and never had any bleeding or vaginal spotting since then. Her ultrasound pelvis revealed a large ovarian cystic mass of 7*5*5 cm on the right. The cyst is multiseptated with thick septal walls and has hemorrhagic fluid within. There is no visible solid component. Her CA 125 report is 170 mIU/ml. Other tumours markers are also within normal range. What is the next best investigations for this patient and what tumour characteristics are important?,Laparotomy and biopsy of the ovarian mass.,Codex,Correct,CT scan of the abdomen and pelvis with contrast.,KJ,Correct
A 19 year old boy brought in by parents due to changes in his behavior over last three months. He is not interested in attending college. He is not studyin. Used to be a very bright student. He shuts himself in his room all day. Says he can hear voices. Does not allow parents to watch tv as says characters on tv are speaking about him. Parents have seen him mutterin to himself. His self care has reduced. He repeatedly closes the windows of the house. Keeps telling parents that neighbours have installed cameras in their house. He gets angry and aggressive over small reasons. What could be differential diagnosis?,"schizophrenia, bipolar disorder, depression, anxiety disorder, substance abuse",Codex,Correct,"schizophrenia, schizoaffective disorder, brief psychotic disorder.",KJ,Correct