Questions,Option 1,Approach 1,Correctness of Option 1,Option 2,Approach 2,Correctness of Option 2
A 72-year-old woman is admitted to the intensive care unit for shortness of breath and palpitations. A cardiac catheterization is performed and measurements of the left ventricular volume and pressure at different points in the cardiac cycle are obtained. The patient's pressure-volume loop (gray) is shown with a normal pressure-volume loop (black) for comparison. What is the most likely cause of this patients condition?,Heart failure.,Codex,,decreased myocardial contractility.,KJ,
"A 32-year-old woman comes to the physician because of a 3-week history of intermittent loose stools and a 1.2-kg (2.6-lb) weight loss. She immigrated to the US from Uganda 6 weeks ago. Abdominal examination shows diffuse tenderness with no guarding or rebound. The liver is firm and palpable 3 cm below the right costal margin, and the spleen is palpable just below the left costal margin. Her leukocyte count is 12,800/mm3 (12% eosinophils). Stool culture shows several oval-shaped eggs with lateral spines. Microscopic examination of a liver biopsy specimen shows granulomatous inflammation with periportal fibrosis. Exposure to what substance is most likely to have played a role in the development of this patient's symptoms?",Schistosomiasis.,Codex,Correct,contaminated water in Uganda.,KJ,Correct
"A 30-year-old woman comes to the physician because she has been unable to conceive for 3 years. Analysis of her husband's semen has shown normal sperm counts during this time. The patient also reports episodic pelvic and back pain accompanied by painful diarrhea for 5 years. She has about one such episode on average per month for 4–6 days. She has taken ibuprofen for the pain, which has provided some relief. Menses have occurred at regular 29-day intervals since menarche at the age of 14 years and last for 7 days. She is sexually active with her husband and does not use contraception. Vital signs are within normal limits. Pelvic and bimanual examinations are normal; rectal examination is unremarkable. A hysterosalpingogram 6 months prior showed normal results. Corresponding to the signs and symptoms, the patient presents with and the investigations performed already, what immediate measures of management are to be initiated, prioritising their urgency, and keeping in mind the probable diagnosis for the same?",endometriosis,Codex,Correct,"Initiate hormonal treatment, consider laparoscopic surgery, discuss assisted reproductive techniques.",KJ,Incorrrect
"A 43-year-old man with a history of schizophrenia, currently controlled with medication, comes in for an appointment with his internist. He is concerned about abnormal discharge from both nipples over the past 3 months. The fluid is white, and he wonders if it could be milk. On further review of systems, he endorses a diminished sexual drive. The physician suspects that one of the patient's medications may be the culprit for these symptoms. Which medications most likely is the cause of this?",Risperidone.,Codex,Correct,haloperidol.,KJ,Incorrrect
"A healthy 23-year-old male is undergoing an exercise stress test as part of his physiology class. If blood were to be sampled at different locations before and after the stress test, what area of the body would contain the lowest oxygen content at both time points?",Muscles.,Codex,Incorrrect,Muscles that are active during exercise.,KJ,Incorrrect
"A one-day-old male is evaluated in the hospital nursery for bilious vomiting. The patient has urinated multiple times since birth but has not yet passed meconium. He was born at 38 weeks gestation to a 36-year-old gravida 3 via vaginal delivery. The pregnancy was complicated by gestational diabetes. The patient’s mother received routine prenatal care and declined first trimester screening. She subsequently underwent a quadruple screen at 15 weeks gestation that demonstrated decreased maternal serum alpha-fetoprotein (AFP), increased beta-hCG, decreased unconjugated estriol, and increased inhibin A. Her last ultrasound prior to onset of labor demonstrated an amniotic fluid index (AFI) of 28 cm. The patient’s two older siblings are both healthy. The patient’s temperature is 97.8°F (36.6°C), blood pressure is 58/37 mmHg, pulse is 166/min, and respirations are 38/min. On physical exam, the patient is in moderate distress. His abdomen is firm and distended with hypoactive bowel sounds. What is the most likely etiology of this fetus’s presentation?",Congenital bowel obstruction (pyloric stenosis).,Codex,Incorrrect,intestinal atresia.,KJ,Correct
"A 46-year-old man is brought to the emergency department for evaluation of altered mental status. He was found on the floor in front of his apartment. He is somnolent but responsive when aroused. His pulse is 64/min, respiratory rate is 15/min, and blood pressure is 120/75 mm Hg. On physical examination, an alcoholic smell and slurred speech are noted. Neurological exam shows diminished deep tendon reflexes bilaterally and an ataxic gait. His pupils are normal. Blood alcohol concentration is 0.04%. An ECG shows no abnormalities. What is the most likely cause of this patient's symptoms?",Alcohol intoxication.,Codex,Correct,No conclusion made,KJ,Incorrrect
"A 45-year-old G5P4105 presents to her gynecologist’s office with six months of increasingly heavy periods. She now soaks one super absorbent tampon every two hours for five days each cycle. Her cycles have also become irregular, with intermenstrual bleeding for the last two months. She now experiences significant dysmenorrhea, requiring 400 mg ibuprofen every four hours for the majority of each menses. In addition, she reports new onset mild dyspareunia with intercourse and a “heavy feeling” in her pelvis. She has also noticed increased urinary frequency but denies bowel changes. The patient has a past medical history of obesity and type II diabetes on metformin. Her last child was born four years ago, and she has had five spontaneous vaginal deliveries. At this office visit, temperature is 98.5°F (36.9°C), blood pressure is 137/84 mmHg, pulse is 87/min, and respirations are 14/min. Give findings of physical exam present in this patient.","Enlarged uterus, firm irregular mass palpable in the right lower quadrant of the pelvis, and normal cervix.",Codex,Correct,"bulge in the posterior fornix, enlarged uterus to the level of the pubic symphysis and is firm, no adnexal tenderness or masses, normal wet prep.",KJ,Incorrrect
"A 35-year-old man comes to the physician because of itchy, watery eyes for the past week. He has also been sneezing multiple times a day during this period. He had a similar episode 1 year ago around springtime. He has iron deficiency anemia and ankylosing spondylitis. Current medications include ferrous sulfate, artificial tear drops, and indomethacin. He works as an elementary school teacher. His vital signs are within normal limits. Visual acuity is 20/20 without correction. Physical examination shows bilateral conjunctival injection with watery discharge. The pupils are 3 mm, equal, and reactive to light. Examination of the anterior chamber of the eye is unremarkable. What is the most appropriate treatment?",Antihistamine eye drops.,Codex,Correct,antihistamine eye drops.,KJ,Correct
"A 3-week-old male newborn is brought to the hospital because of poor weight gain since birth. He was born at 38 weeks' gestation via normal vaginal delivery. He weighed 3005 g (6 lb, 10 oz) at birth and currently weighs 2835 g (6 lb, 4 oz). He has been latching on and breastfeeding well since birth. His mother has a history of Graves' disease and underwent near-total thyroidectomy in the second trimester of her pregnancy after her symptoms could not be controlled with antithyroid drugs. She is currently receiving L-thyroxine therapy. The patient's temperature is 38.9°C (102°F), pulse is 176/min, and respirations are 42/min. He appears irritable. Examination shows a diaphoretic infant with a paucity of subcutaneous fat. There is swelling of the neck at the midline. What is the cause",Thyroid function tests.,Codex,Correct,blood tests to confirm hypothyroidism.,KJ,Incorrrect
"A 77-year-old woman presents to the emergency room with the complaints of fever, malaise, and night sweats. She recently observed an enlargement of her axillary lymph nodes, which she examines on a weekly basis. She has a remote history of breast cancer in her 60s that was treated with radiation and chemotherapy. She also reports a history of extensive travel to Africa and a 30-pack-year history of smoking. On physical exam, several axillary lymph nodes are palpable with a large non-tender palpable mass in her right axilla measuring 10 x 8 cm. Fine-needle aspiration demonstrates what the pathologist describes as ""a centroblastic and immunoblastic cell presence, suspicious for non-Hodgkin’s lymphoma (NHL)–diffuse large B cell variant"". Which factor is responsible for this patient’s condition?",The patient's history of radiation and chemotherapy for breast cancer.,Codex,Correct,History of breast cancer and radiation therapy.,KJ,Correct
"A 5-year-old female suffers from recurrent infections by Aspergillus species, Pseudomonas species, and Staphylococcus aureus. The patient's neutrophils are examined in the laboratory and they fail to react during the nitroblue tetrazolium test. State the deformity in this patient",Chronic granulomatous disease.,Codex,Correct,Chronic granulomatous disease.,KJ,Correct
"A 22-year-old female college student is treated with metronidazole after presenting to student health services with itching, discharge, and pain in her vagina. At a party shortly afterward she experiences facial flushing, nausea, tachycardia, dyspnea, headache, and abdominal cramps after consuming alcohol. Serum levels of what enzymes are likely elevated in this patient following alcohol consumption?",Aldehyde dehydrogenase.,Codex,Incorrrect,aldehyde dehydrogenase and acetaldehyde.,KJ,Correct
A 65-year-old woman schedules an appointment with her physician for evaluation of weight loss and weakness. The weakness is more noticeable when climbing stairs and combing hair. The weakness improves after brief exercise. She also has bladder incontinence for the past 4 weeks and was given an anticholinesterase agent with no improvement. Give most likely cause of the symptoms.,Parkinson's disease.,Codex,Incorrrect,Myopathy or Muscular Dystrophy.,KJ,Correct
"A 29-year-old man presents to the emergency department due to central chest pain over the past 3 days which is constant and unrelated to exertion. The pain is sharp, severe, increases when lying down, and improves with leaning forward. The pain also radiates to his shoulders and neck. The patient has no past medical history. He has smoked 10 cigarettes per day for the past 7 years and occasionally drinks alcohol. He presents with vital signs: blood pressure 110/70 mm Hg, regular radial pulse of 95/min, and temperature 37.3°C (99.1°F). On physical exam, a scratching sound of to-and-from character is audible over the left sternal border at end-expiration with the patient leaning forward. His chest X-ray is normal and ECG is shown in the picture. How should this condition be managed further?",Thoracentesis.,Codex,Incorrrect,chest CT scan with IV contrast.,KJ,Correct
"A post-mortem lung examination of a 68-year-old male overweight male with evidence of chronic lower extremity edema, a 60 pack-year smoking history and daily productive cough would be most likely to reveal:. Describe the diagnosis of this patient",COPD with emphysema and chronic bronchitis,Codex,Correct,"COPD, lung cancer, nephrotic syndrome, membranous nephropathy, or minimal change disease.",KJ,Incorrrect
"A 24-year-old man is brought to the emergency department 15 minutes after he sustained a stab wound to the left chest just below the clavicle. On arrival, he has rapid, shallow breathing and appears anxious. His pulse is 135/min, respirations are 30/min and shallow, and palpable systolic blood pressure is 80 mm Hg. He is intubated and mechanically ventilated. Infusion of 0.9% saline is begun. Five minutes later, his pulse is 133/min and blood pressure is 82/45 mm Hg. Examination shows no active external bleeding. There is a 2.5-cm single stab wound to the left chest at the 4th intercostal space at the midclavicular line. Cardiovascular examination shows muffled heart sounds and jugular venous distention. Breath sounds are normal.",Emergency thoracotomy.,Codex,Correct,Perform a thoracotomy.,KJ,Correct
"A 24-year-old G2P1 woman at 39 weeks’ gestation presents to the emergency department complaining of painful contractions occurring every 10 minutes for the past 2 hours, consistent with latent labor. She says she has not experienced vaginal discharge, bleeding, or fluid leakage, and is currently taking no medications. On physical examination, her blood pressure is 110/70 mm Hg, heart rate is 86/min, and temperature is 37.6°C (99.7°F). She has had little prenatal care and uses condoms inconsistently. Her sexually transmitted infections status is unknown. As part of the patient’s workup, she undergoes a series of rapid screening tests that result in the administration of zidovudine during delivery. The infant is also given zidovudine to reduce the risk of transmission. A confirmatory test is then performed in the mother to confirm the diagnosis of HIV. Describe the confirmatory test.",Western blot or immunofluorescence assay (IFA).,Codex,Correct,Western blot test or polymerase chain reaction (PCR) test.,KJ,Incorrrect
An otherwise healthy 26-year-old man comes to the physician for medication counseling after recently being diagnosed with schizophrenia. Risperidone therapy is initiated. This patient is at increased risk which adverse effects?,"Metabolic side effects, such as weight gain, hyperglycemia, and dyslipidemia.",Codex,Correct,,KJ,
A 65-year-old man comes to the physician because of a 1-week history of yellowish discoloration of his skin and generalized pruritus. Examination shows jaundice of the skin and scleral icterus. Urinalysis shows an elevated concentration of bilirubin and a low concentration of urobilinogen. what is the etiopathogenesis of this disease?,Gallstone.,Codex,Correct,gallstones.,KJ,Correct
A 39-year-old man presents to the emergency department because of progressively worsening chest pain and nausea that started at a local bar 30 minutes prior. The pain radiates to the epigastric area. He has a 5-year history of untreated hypertension. He has smoked 1 pack of cigarettes daily for the past 5 years and started abusing cocaine 2 weeks before his emergency room visit. The patient is diaphoretic and in marked distress. Describe the steps of management for this patient,"Call for an emergency response team (Code Blue), aspirin, intravenous line, normal saline solution, morphine, ECG, metoprolol, heparin, nitroglycerin, lidocaine, prednisone, and close monitoring.",Codex,Incorrrect,"call for an emergency response team, give oxygen therapy, start an IV line, monitor vital signs, do a 12-lead ECG, do a chest x-ray, do a gastrointestinal consult, and do a toxicology screen.",KJ,Correct
"A microbiologist is studying the emergence of a virulent strain of the virus. After a detailed study of the virus and its life cycle, he proposes a theory: Initially, a host cell is co-infected with 2 viruses from the same virus family. Within the host cell, concomitant production of various genome segments from both viruses occurs. Ultimately, the different genome segments from the viruses are packaged into a unique and novel virus particle. The newly formed virus particle is both stable and viable and is a new strain from the virus family that caused the outbreak of infection. Which virus is capable of undergoing above-mentioned process?",Influenza virus.,Codex,Correct,Reovirus.,KJ,Incorrrect
A 54-year-old male makes an appointment with his primary care physician due to chronic fatigue that has left him unable to hike or do other physically demanding activities with his friends. He has well-controlled hypertension and diabetes but has otherwise been healthy. He does not smoke but drinks socially with his friends. Physical exam reveals enlarged nodules that are not tender to palpation. A biopsy is obtained showing a characteristic change in chromosome 18. The regulation of what protein will be most abnormal in this patient?,M-protein.,Codex,Incorrrect,alpha-fetoprotein.,KJ,Incorrrect
"A 22-year-old woman is brought to the emergency department because of a 2-day history of fever, intermittent rigors, and night sweats. She also has a 1-month history of progressive fatigue. Five weeks ago, she was hospitalized and received intravenous antibiotics for treatment of bacterial meningitis while visiting relatives in Guatemala. Her temperature is 39.4°C (102.9°F), pulse is 130/min, and blood pressure is 105/70 mm Hg. Examination shows pallor and scattered petechiae and ecchymoses. Laboratory studies show a hemoglobin concentration of 9.0 g/dL, a leukocyte count of 1,100/mm3 with 30% segmented neutrophils, and a platelet count of 20,000/mm3 . Blood cultures grow coagulase-negative staphylococci. what would be the line of treatment followed for this patient and what is the duration of treatment for the same",Intravenous antibiotics for 4-6 weeks.,Codex,Correct,intravenous antibiotics for 4-6 weeks.,KJ,Correct
"A 65-year-old man with a history of hypertension, obesity, and alcoholic cirrhosis is seen in clinic for follow-up. He feels well and currently drinks 5 glasses of wine each night. Medications include atenolol and lisinopril. On physical exam, temperature is 98.1 deg F (36.7 deg C), blood pressure is 151/82 mmHg, pulse is 71/min, and respirations are 14/min. He has spider angiomata on his chest; no asterixis, jaundice, ascites, or peripheral edema is noted. Screening ultrasound reveals a new liver nodule, and follow up CT demonstrates a 2 cm right hepatic lobe lesion with enhancement in the arterial phase. No hypodense attenuation is seen on the venous or delayed phase. Describe the next step in management of this condition?",Liver biopsy.,Codex,Correct,liver biopsy.,KJ,Correct
"A 2-year-old boy is brought to the physician for evaluation of pallor and increasing lethargy for 2 days. One week ago, he experienced abdominal pain, vomiting, and bloody diarrhea that have since subsided. The patient's father states that they returned early from a 6-week roadtrip in Mexico because of these symptoms. His parents have been giving him oral rehydration solution. His immunizations are up-to-date. He appears pale. His temperature is 38.4°C (101.1°F), pulse is 130/min, respirations are 35/min, and blood pressure is 95/50 mm Hg. Examination shows scleral icterus. The abdomen is soft and nontender; there is no rebound or guarding. Bowel sounds are hyperactive. The remainder of the examination shows no abnormalities. Laboratory studies show:
Hemoglobin 8.5 g/dL
Mean corpuscular volume 94 μm3
Leukocyte count 18,000/mm3
Platelet count 45,000/mm3
Prothrombin time 12 sec
Partial thromboplastin time 34 sec
Serum
Urea nitrogen 28 mg/dL
Creatinine 1.6 mg/dL
Bilirubin
Total 2.5 mg/dL
Direct 0.1 mg/dL
Lactate dehydrogenase 1658 U/L
A blood smear shows schistocytes. What is the diagnosis?",Urinalysis.,Codex,Incorrrect,hemolytic uremic syndrome.,KJ,Correct
"A 21-year-old man comes to the physician because of pruritus and a hypopigmented rash on his upper body for 5 days. He first noticed the symptoms after returning from a business trip last week in the Bahamas. While he was there, he visited a couple of beaches and went hiking with some coworkers. The rash initially started as a single lesion on his upper back but since then has extended to his shoulders. He has a history of type 1 diabetes mellitus controlled with an insulin pump. He works as an office manager and has no known exposure to melanocytotoxic chemicals. He has been sexually active with three female partners over the past year and uses condoms inconsistently. He is 183 cm (6 ft) tall and weighs 80 kg (176 lb); BMI is 23.9 kg/m2. His temperature is 37.2°C (99°F), pulse is 78/min, and blood pressure is 130/84 mm Hg. A photograph of the rash is shown. One month ago, his hemoglobin A1C was 7.8%. Provide a diagnosis and justify",Vitiligo.,Codex,Incorrrect,syphilis or herpes.,KJ,Correct
"A man is brought into the emergency department by the police department. The officer state that the man has been arrested multiple times for public alcohol intoxication, but recently became homeless. On exam, the man is behaving erratically. His vitals are all within normal limits. He appears confused and has a slurred speech. On gait exam, the patient is ataxic and cannot stand without support for more than a few seconds. Labs return with the following values: Na 140, K 4, Cl 106, BUN 8, Cr 2. His ABG has pH 7.3, PaCO2 13mm, PaO2 130mm, HCO3 7. His urinalysis is shown in Figure 1. Blood salicylate levels return as normal. Describe the treatment strategy for this patient",hypokalemia and metabolic acidosis,Codex,Correct,"supportive care, pancreatic enzyme replacement therapy, psychotropic medications, and social work referral.",KJ,Incorrrect
A previously healthy 30-year-old woman comes to the physician for the evaluation of pain during sexual intercourse for 6 months. She also reports frequent episodes of crampy pelvic pain that starts one day before menses and lasts for 7 days. Her symptoms are not relieved with pain medication. Menses occur at regular 28-day intervals and last 5 days. Her last menstrual period was 2 weeks ago. She is sexually active with her husband. She uses a combined oral contraceptive pill. Her vital signs are within normal limits. Physical examination shows rectovaginal tenderness. Cervical and urethral swabs are negative. Transvaginal ultrasonography shows no abnormalities. What is the most appropriate next step in the management of this patient?,endometriosis,Codex,Incorrrect,diagnostic laparoscopy.,KJ,Correct
"A 37-year-old-woman presents to her primary care physician requesting a new form of birth control. She has been utilizing oral contraceptive pills (OCPs) for the past 8 years, but asks to switch to an intrauterine device (IUD). Her vital signs are: blood pressure 118/78 mm Hg, pulse 73/min and respiratory rate 16/min. She is afebrile. Physical examination is within normal limits. What past medical history statement would make copper IUD placement contraindicated in this patient?",History of pelvic inflammatory disease (PID).,Codex,Incorrrect,history of cervical dysplasia or cervical cancer.,KJ,Incorrrect
"A 15-year-old woman presents with fever, altered mental status and a petechial rash on her lower extremities and back since yesterday evening. She also says she has been nauseous for the past 3 hours and has vomited twice. The patient mentions she has had heavy menstrual bleeding for the past few days. Her blood pressure is 95/80 mm Hg and her temperature is 40.0°C (104.0°F). On physical examination, the patient appears diaphoretic. A pelvic examination reveals a tampon in her vagina. Binding and activation of which T cell receptors is responsible for this patient’s most likely condition?",None of the above.,Codex,Incorrrect,Activation of T cells specific to meningococcal bacteria.,KJ,Correct
"A 72-year-old man comes to the physician because of a 2-month history of fatigue and worsening abdominal pain. During this period, he also has excessive night sweats and shortness of breath on exertion. Over the past 3 months, he has had a 5.6-kg (12-lb) weight loss. He had a myocardial infarction 3 years ago. He has hypertension, diabetes mellitus, and chronic bronchitis. His medications include insulin, aspirin, lisinopril, and an albuterol inhaler. He has smoked half a pack of cigarettes for the past 45 years. Vital signs are within normal limits. The spleen is palpated 6 cm below the left costal margin. Laboratory studies show:
Hemoglobin 6.4 g/dL
Mean corpuscular volume 85 μm3
Leukocyte count 5,200/mm3
Platelet count 96,000/mm3
A blood smear is shown. Bone marrow aspiration shows extensive fibrosis and a few scattered plasma cells. A JAK 2 assay is positive. What is the most appropriate next step in the management of this patient?",Hydroxyurea.,Codex,Incorrrect,ruxolitinib.,KJ,Correct
"A 6-year-old boy is brought to the emergency department by his mother for worsening wheezing and shortness of breath over the past day. He has not had a fever, cough, vomiting, or diarrhea. He has asthma and eczema. He uses a glucocorticoid inhaler and an albuterol inhaler but has missed his medications for the past week while on vacation. He appears uncomfortable. His temperature is 36°C (96.8°F), pulse is 120/min, respirations are 40/min, and blood pressure is 100/80. Expiratory and inspiratory wheezing is heard throughout both lung fields. There are moderate intercostal and subcostal retractions and a decreased inspiratory to expiratory ratio. Nebulized albuterol and ipratropium treatments and intravenous methylprednisolone are given in the emergency department for a presumed asthma exacerbation. One hour later, the child is limp and lethargic. Magnesium sulfate is administered. His temperature is 36°C (96.8°F), pulse is 150/min, respirations are 22/min, and blood pressure is 100/70. No wheezing is heard on repeat pulmonary examination. What modifications to his insulin regimen would you recommend to this patient and his parents?",Hold the patient's medications.,Codex,,"Continuous infusion of albuterol and ipratropium, corticosteroid burst, and close monitoring.",KJ,
"A 26-year-old woman presents to a gynecologist after a missed period. After performing a complete physical examination and a screening test for pregnancy, her gynecologist informs her that she is pregnant. She is very surprised as she has been taking oral contraceptives regularly. When the gynecologist asks her about the consumption of any other medications, she mentions that she was placed on treatment for pulmonary tuberculosis (TB) 2 months ago. Her current anti-TB regimen includes rifampin, isoniazid, pyrazinamide, and ethambutol. Explain why the oral contraceptives failed in this patient.",Interaction between oral contraceptives and anti-TB regimen.,Codex,Correct,drug interaction.,KJ,Incorrrect
"A 7-year-old boy is brought to his pediatrician’s office for a follow-up visit. He was diagnosed with asthma when he was 3 years old and has since been on treatment for the condition. He is currently on a β-agonist inhaler because of exacerbation of his symptoms. He has observed that his symptoms are more prominent in springtime, especially when the new flowers are blooming. His mother has a backyard garden and whenever he goes out to play there, he experiences chest tightness with associated shortness of breath. He has been advised to take more precaution during this seasonal change and to stay away from pollen. He is also being considered for an experimental therapy, which attenuates the activity of certain mediators which cause his asthmatic attack. The targeted mediator favors the class switching of antibodies. A reduction in this mechanism will eventually reduce the exaggerated response observed during his asthmatic attacks, even when exposed to an allergen. Describe the mechanism involved in class switching along with appropriate mediators involved in the process?","Class switching, IL-4, IL-13.",Codex,Incorrrect,Class switching mediated by cytokines such as IL-4 and IL-13.,KJ,Correct
"A 47-year-old executive schedules an appointment his physician for a routine medical check-up. He currently has no complaints and claims to be “as fit as a fiddle.” The physical examination findings are unremarkable, except for a mid-systolic murmur heard in the 2nd left intercostal space that radiates to the carotids on auscultation. The physician instructs the patient to stand from a supine position with the stethoscope still placed on his chest. Enlist the changes that would occur with this maneuver.","Increased intra-abdominal pressure, Increased venous return to the heart, Increased cardiac output, Increased blood pressure, Decreased heart rate.",Codex,Incorrrect,"The murmur will become softer or even disappear, the location of the murmur may change, and the intensity of the murmur will decrease.",KJ,Incorrrect
"A 55-year-old truck driver is brought to a physician by his wife. She states that her husband developed a fever and began feeling weak 3 days ago, but has refused medical help. He has been unable to go to work because of his symptoms. The patient has been previously hospitalized for a tricuspid valve replacement surgery 1 year ago and takes aspirin daily. The medical history is also relevant for myocardial infarction 3 years ago and hypertension for the past 10 years, for which he takes lisinopril. His blood pressure is 140/80 mm Hg, the pulse is 82/min, the respirations are 18/minute, and the temperature is 37.2°C (98.9°F). On examination, several hemorrhages are noted on the nail beds of several fingers. What findings will help you establish a diagnosis?",Echocardiography.,Codex,Correct,echocardiogram.,KJ,Incorrrect
"A 3-month-old girl is brought to a pediatrician by her parents. She has central cyanosis without signs of respiratory distress or signs of heart failure. An echocardiogram reveals severe pulmonary outflow obstruction, right ventricular hypertrophy, a ventricular septal defect, and an overriding of the aorta. An elective primary surgical repair is planned at 4 months of age. Which of the following statements is true about this girl’s condition?
(A) The tricuspid valve is the most common valve affected by bacterial endocarditis in uncorrected tetralogy of Fallot. (B) Normal hemoglobin in patients with tetralogy of Fallot does not rule out iron deficiency anemia. (C) Cerebral arterial thrombosis is more common than cerebral venous thrombosis. (D) Refractory heart failure is a common complication of tetralogy of Fallot.",Hepatitis C serology.,Codex,,Nadolol Therapy.,KJ,
"A newborn is found to be extremely cyanotic immediately after birth. He then develops progressive respiratory failure and is admitted to the neonatal ICU. A single loud S2 heart sound is appreciated as well as a machine-like murmur at the left upper sternal border. Radiography shows an enlarged ""egg-shaped"" heart. The newborn is then taken for a atrial septostomy to alleviate the condition pending definitive surgical correction. Describe the etiology of this disease?",Tetralogy of Fallot.,Codex,Incorrrect,Tetralogy of Fallot.,KJ,Incorrrect
"An 80-year-old man is transferred from a step-down unit to a med-surg floor in the hospital. He had undergone a successful hernia surgery 14 hours ago. Before the surgery, he was pre-treated with atropine, scopolamine, and morphine and recovered well in the PACU after the surgery. There were no complications in the step-down unit and the patient continued to recover. On the med-surg floor, his temperature is 36.8°C (98.2°F), the heart rate is 98/min, the respiratory rate is 15/min, the blood pressure is 100/75 mm Hg, the oxygen saturation is 90%. On physical exam, he is a well-developed, obese man. His heart has a regular rate and rhythm and his lungs are clear to auscultation bilaterally. His incision site is clean, dry, and intact with an appropriate level of swelling and erythema. During the physical, the patient mentions some discomfort in his abdomen and pelvis and during a records review it is noted that he has not passed urine in the PACU, step-down unit, or since arriving on the med-surg floor. A bladder scan is inconclusive due to body habitus. What is the most appropriate next step in management?",Urinary catheterization.,Codex,Correct,insert a urinary catheter.,KJ,Correct
"A 23-year-old primigravida presents for a regular prenatal care visit at 16 weeks gestation. She complains of increased fatigability, but is otherwise well. She takes folic acid, iron, and vitamin D supplementation. Her vital signs are as follows: blood pressure, 110/70 mm Hg; heart rate, 86/min; respiratory rate, 13/min; and temperature, 36.6℃ (97.9℉). The physical examination is unremarkable. The complete blood count results are as below:
Erythrocyte count 3.9 million/mm3
Hb 11.1 g/dL
HCT 32%
Reticulocyte count 0. what further investigation are to be conducted",Direct Coombs test.,Codex,Incorrrect,direct Coombs test.,KJ,Incorrrect
"A 54-year-old woman with a past medical history of mental retardation, hypertension, and diabetes presents to the emergency department with a change in her behavior. Her caretakers state that the patient’s gait suddenly became ataxic, and she became less responsive than her normal non-verbal baseline. Her temperature is 98.5°F (36.9°C), blood pressure is 125/68 mmHg, pulse is 90/min, respirations are 15/min, and oxygen saturation is 99% on room air. Physical exam is notable for an unremarkable HEENT exam with normal facial features and no signs of airway compromise. Neurological exam is remarkable for new onset spasticity. The patient has 3+ reflexes and a positive Babinski sign. Musculoskeletal exam is only notable for symmetric swelling and deformities of the patient’s hands bilaterally. Additionally, there is a ""clunk"" when posterior force is applied to the head while anterior force is applied to the cervical spine. describe the pathophysiology of this patient's condition?",spinal cord injury.,Codex,Correct,"The patient's symptoms are most likely caused by a problem in the brain or spinal cord, such as a stroke, tumor, or injury.",KJ,Correct
"A 56-year-old man with a history of hypertension presents to his physician with progressive fatigue and new onset muscle cramps. He has had no recent changes to his medication regimen, which includes hydrochlorothiazide, lisinopril, and amlodipine. His temperature is 98.0°F (36.7°C), blood pressure is 174/111 mmHg, pulse is 70/min, respirations are 12/min, and oxygen saturation is 98% on room air. The patient's cardiopulmonary and abdominal exams are unremarkable. Laboratory values are ordered as seen below.

Serum:
Na+: 138 mEq/L
Cl-: 100 mEq/L
K+: 3. Describe the etiology for hypertension in this patient","The patient's hypertension is likely due to the combination of the diuretic effect of hydrochlorothiazide and the calcium channel blocker effect of amlodipine. The patient's muscle cramps are likely due to the hypokalemia. The patient's fatigue could be due to anemia, which is a possible side effect of lisinopril, or it could be due to the hypokalemia.",Codex,Correct,hyperaldosteronism.,KJ,Correct
"A 3-month-old boy is brought the emergency department by his parents after an episode of cyanosis and muscle hypotonia that resolved after 2 minutes. Diagnostic evaluation fails to discover an exact etiology of the boy's symptoms and the episode is classified as a brief resolved unexplained event (BRUE). The risk profile for BRUE in infants remains largely unknown. The pediatrician who saw the boy in the emergency department is trying to identify risk factors for BRUE. She is aware of several confounders, including age, socioeconomic background, and family history of medical illness. She recruits 75 infants under 1 year of age with BRUE and 75 infants without BRUE of the same age, socioeconomic background, and family history of medical illness. She then compares the two groups with regard to history of feeding problems and history of recent upper respiratory infection. Which method was conducted to control confounding bias in the study?",Matched case-control study.,Codex,Correct,Case-control study.,KJ,Incorrrect
A 44-year-old African-American woman comes to the physician for a routine examination. She is concerned about cancer because her uncle died of metastatic melanoma 1 year ago. She has no history of serious illness and does not take any medication. She has been working in a law firm for the past 20 years and travels to the Carribean regularly with her husband. Examination of her skin shows no abnormal moles or warts. explain the risk factor that increases the risk of development of melanoma in this patient ?,Family history of melanoma.,Codex,Correct,Family history of melanoma and exposure to high levels of UV radiation.,KJ,Correct
"A 60-year-old woman is brought to the clinic by her daughter for evaluation. The daughter reports that her mother has recently been having difficulty combing her hair in the mornings. The patient’s family history is significant for an ischemic stroke in her father. The patient’s past medical history is positive for diverticulosis. She takes no medication. Her blood pressure is 120/70 mm Hg, heart rate is 75/min, respiratory rate is 14/min, and temperature is 37.6°C (99.7°F). On physical examination, the patient’s neck is stiff and she also has bilateral shoulder tenderness; muscle strength is intact. Laboratory work is performed and presented below:
Hemoglobin 12.9 g/dL
Hematocrit 37.7% 
Leukocyte count 5,500/mm3
Neutrophils 65%
Lymphocytes 30%
Monocytes 5%
Mean corpuscular volume 82. Describe the screening and testing strategy for this patient","Screening for giant cell arteritis (GCA) with erythrocyte sedimentation rate (ESR) and C-reactive protein (CRP). If the ESR is elevated, a temporal artery biopsy should be performed to confirm the diagnosis of GCA.",Codex,Correct,"CT or MRI of the brain, complete blood count, reticulocyte count, and iron studies.",KJ,Incorrrect
A 4-year-old boy is brought to the emergency department because of severe abdominal pain and bilious vomiting for 6 hours. He has not had bowel movements in the past 24 hours. He appears ill. His temperature is 37.8°C (100°F) and pulse is 122/min. Examination shows a distended abdomen. There is tenderness to palpation in the lower abdomen; guarding and rebound tenderness are present. Bowel sounds are decreased. An x-ray of the abdomen shows dilated loops of bowel. He has been accompanied by his 14-year-old brother. The surgeon recommends an emergency laparotomy. The parents are away visiting friends and cannot be reached. What would be the most appropriate next best step in management?,Contact the on-call pediatric surgeon or a pediatrician.,Codex,Correct,Proceed with emergency laparotomy.,KJ,Correct
"A 56-year-old man presents to the emergency department for progressively worsening fatigue, malaise, fever, and abdominal pain. He reports that his symptoms began approximately 1 week ago and he has noticed episodes of diarrhea. He recently started melatonin and magnesium supplementation in hopes of improving his sleep. Medical history is significant for alcohol use disorder that required multiple hospital admissions for management of acute pancreatitis and cirrhosis. He states that he occasionally injects heroin intravenously. Temperature is 100°F (37.8°C), blood pressure is 105/70 mmHg, pulse is 92/min, and respirations are 17/min. Physical examination is significant for scleral icterus, hepatomegaly, ascites, and diffuse abdominal tenderness. Laboratory testing is significant for leukocytosis and metabolic acidosis. A paracentesis is performed and he is admitted into the hospital to receive intravenous cefotaxime and albumin. Ascitic fluid analysis demonstrates a polymorphonuclear cell count of 280 cells/mm^3, serum-ascites albumin gradient of 1.3 g/dL, and a culture positive for Escherichia coli sensitive to cefotaxime and ceftriaxone. On hospital day 2, the nurse reports that the patient is oliguric in the setting of constant fluid intake. Physical examination is unchanged. Laboratory testing is significant for a serum sodium of 131 mEq/L and creatinine of 1.8 mg/dL (it was 0.9 mg/dL on admission). Urine studies are significant for a low urine sodium level, without evidence of blood or protein. Since the hospital admission, he has not been started on any new medications. Corresponding to the signs and symptoms, the patient presents with and the investigations performed already, what immediate measures of management are to be initiated, prioritising their urgency, and keeping in mind the probable diagnosis for the same?",,Codex,,,KJ,
"A 26-year-old G1P0 woman presents to her primary care physician’s office with feelings of anxiety and trouble with sleep. She finds it difficult initiating sleep, occasionally has palpitations, and feels fatigued. She denies having similar symptoms in the past or starting any new medications or illicit drugs. She is currently 10 weeks pregnant and is closely followed by her obstetrician. Her temperature is 98.6°F (37°C), blood pressure is 125/70 mmHg, pulse is 105/min, and respirations are 18/min. On physical exam, the patient is mildly diaphoretic. The skin is warm and the thyroid gland is diffusely enlarged with thyroid bruits. Laboratory studies are significant for a thyroid-stimulating hormone level of 0.01 µU/mL (normal is 0.5-5.0 µU/mL) and an elevated free thyroxine (FT4) that is inappropriate for her pregnancy. Given her laboratory results, which treatment option would be most appropriate for this patient?",Propylthiouracil (PTU) or methimazole.,Codex,Correct,beta-blockers.,KJ,Correct
"A 26-year-old woman is brought to the emergency department 20 minutes after being involved in a high-speed motor vehicle collision in which she was a restrained passenger. On arrival, she is lethargic and incoherent. She has severe facial lacerations and is in respiratory distress. Her pulse is 130/min, respirations are 29/min, and blood pressure is 90/58 mm Hg. Pulse oximetry on room air shows an oxygen saturation of 70%. Examination shows multiple facial lacerations. There is dullness to percussion and decreased breath sounds over the left lung base. Abdominal examination shows diffuse tenderness with no guarding or rebound. Bowel sounds are normal. The remainder of the examination shows no abnormalities. Her hemoglobin concentration is 12.1 g/dL. An x-ray of the chest shows a fractured left second rib, depression of the left mainstem bronchus, deviation of the nasogastric tube to the right, and a widened mediastinum. What is the diagnosis of this patient","Flail chest, pneumothorax, facial lacerations, seatbelt injury, widened mediastinum.",Codex,Correct,endotracheal intubation.,KJ,Incorrrect
"A 17-year-old female is brought to the emergency room by her father because she has been experiencing shortness of breath and chest pain. She says that the chest pain is worse when she breathes or coughs. Furthermore, on the way to the hospital she noticed that there were specks of blood on a tissue that she coughed into. She has no previous medical history and does not recall anything that could have provoked these symptoms. On presentation her temperature is 99°F (37.2°C), blood pressure is 107/65 mmHg, pulse is 102/min, respirations are 21/min, and O2 saturation is 91% on room air. Further testing shows a large filling defect in the pulmonary vessels, and the patient is started on an appropriate treatment intravenously. After drug administration, the effects of the drug are monitored using a standard blood test. Surprisingly, the test results come back within normal parameters. What is the most likely mode of inheritance for the underlying cause of a 17-year-old female's symptoms?",Acquired.,Codex,Incorrrect,Autosomal dominant.,KJ,Correct
"A 50-year-old man visits his physician after 20 years of not seeking any medical care. He is concerned about his health after a colleague recently had a heart attack. The patient has no active complaints and says he feels healthy; however, he does not exercise regularly and lives a sedentary lifestyle. He is employed as an administrative position at a local college, and is seated at a desk most of the day. His father had a heart attack at age 54 and his mother is still alive with no health concerns. He does not smoke, only drinks socially, and does not use drugs. Today, his blood pressure is 130/90 mm Hg, pulse is 84/min, and respiratory rate is 14/min. Physical examination reveals an obese male with no significant findings. An ECG shows no abnormalities, and laboratory testing shows the following:
Laboratory test
Serum glucose (fasting) 105 mg/dL
Serum electrolytes 
Sodium 142 mEq/L
Potassium 3.9 mEq/L
Chloride 101 mEq/L
Serum creatinine 0. What lab abnormalities in this patient is an indication for treatment?",Slightly elevated blood pressure and fasting serum glucose.,Codex,Correct,hypertension.,KJ,Incorrrect
"A 30-year-old African American woman comes to the physician for the evaluation of a dry cough and chest discomfort for the past 3 days. During this period, the patient has had headaches, muscle aches, joint pain, fever, and chills. Ten days ago, she was hiking with her family in Mississippi. The patient has asthma that is treated with an albuterol inhaler. Her mother has a lung disease treated with methotrexate. The patient has smoked one pack of cigarettes daily for the past 10 years. Her temperature is 38°C (100.4°F). Physical examination shows slight wheezes throughout both lung fields. Laboratory studies and urinalysis are positive for polysaccharide antigen. Bronchoalveolar lavage using silver/PAS-staining shows macrophages filled with a dimorphic fungus with septate hyphae. What is the most likely cause of this patient's clinical presentation?",Histoplasmosis.,Codex,Incorrrect,histoplasmosis.,KJ,Incorrrect
"A 5-year-old female is brought to a speech therapist for continuing work on improving her communication skills. She is only able to verbalize two word sentences and has generalized developmental delay. When she was born it was noticed that she had a high pitched mewing cry and subsequent physical exam revealed microcephaly, prominent epicanthal folds, and a holosystolic murmur best heard in the left 5th intercostal space near the sternum. 
Describe the genetic anomaly seen in this case?",Turner syndrome.,Codex,Incorrrect,Turner Syndrome.,KJ,Incorrrect
"A 67-year-old male is seen by neurology after he was noticed to be speaking strangely by his family. After acute treatment with tissue plasminogen activator (tPA), the patient is able to recover most of his speech. Subsequent neurologic exam finds that the patient is fluent while speaking and is able to comprehend both one and two step instructions. Noticeably the patient remains unable to complete tasks involving verbal repetition. What structure is most likely affected, causing the 67-year-old male's inability to complete tasks involving verbal repetition?",Hippocampus.,Codex,Incorrrect,left posterior inferior frontal gyrus (Broca's area).,KJ,Correct
"A 67-year-old man who was diagnosed with arthritis 16 years ago presents with right knee swelling and pain. His left knee was swollen a few weeks ago, but now with both joints affected, he has difficulty walking and feels frustrated. He also has back pain which makes it extremely difficult to move around and be active during the day. He says his pain significantly improves with rest. He also suffers from dandruff for which he uses special shampoos. Physical examination is notable for pitting of his nails. Based on the above finding what is most probable diagnosis?",Psoriatic arthritis.,Codex,Correct,psoriatic arthritis.,KJ,Correct
"A 3-month-old infant is brought to her pediatrician because she coughs and seems to have difficulty breathing while feeding. In addition, she seems to have less energy compared to other babies and appears listless throughout the day. She was born by cesarean section to a G1P1 woman with no prior medical history and had a normal APGAR score at birth. Her parents say that she has never been observed to turn blue. Physical exam reveals a high-pitched holosystolic murmur that is best heard at the lower left sternal border. The most likely cause of this patient's symptoms is associated with what abnormalities?",Congenital heart disease.,Codex,Correct,Congenital heart defect.,KJ,Correct
"A 27-year-old woman presents to the office with concerns about her long struggle with her physical appearance since adolescence. She says she has always been ""large"" and was constantly targeted by her classmates and coworkers for being so. Her main concern at the moment is her acne and unwanted facial hair on her upper lip, for which she often visits a local spa. She has tried numerous diet plans, exercise regimens, and cosmetic products with little to no effect. Recently, she underwent a glucose tolerance test that showed a plasma glucose level of 160 mg/dL (8.9 mmol/L) after 2 hours of a 75 g dose of oral glucose. She has a family history of type 2 diabetes mellitus and a menstrual cycle that occurs every 45 days. Her pulse is 72/min and the blood pressure is 138/80 mm Hg. On physical examination, her height is 160 cm (5 ft 3 in) and her weight is 85 kg (187 lb), and she has severe inflammatory acne over the cheeks and forehead and dark coarse hairs on the back. What is the most likely diagnosis of this patient?",Polycystic ovary syndrome (PCOS).,Codex,Correct,polycystic ovary syndrome (PCOS).,KJ,Correct
"A 39-year-old woman is brought to the emergency department because of fevers, chills, and left lower quadrant pain. Her temperature is 39.1°C (102.3°F), pulse is 126/min, respirations are 28/min, and blood pressure is 80/50 mm Hg. There is blood oozing around the site of a peripheral intravenous line. Pelvic examination shows mucopurulent discharge from the cervical os and left adnexal tenderness. Laboratory studies show:
Platelet count 14,200/mm3
Fibrinogen 83 mg/mL (N = 200–430 mg/dL)
D-dimer 965 ng/mL (N < 500 ng/mL)
When phenol is applied to a sample of the patient's blood at 90°C, a phosphorylated N-acetylglucosamine dimer with 6 fatty acids attached to a polysaccharide side chain is identified. A blood culture shows what findings?",Neisseria meningitidis.,Codex,Incorrrect,gram-negative bacilli.,KJ,Incorrrect
A 23-year-old woman comes to the physician because she is embarrassed about the appearance of her nails. She has no history of serious illness and takes no medications. She appears well. A photograph of the nails is shown.,Complete blood count (CBC).,Codex,,KOH smear or nail culture.,KJ,
"A 59-year-old overweight woman presents to the urgent care clinic with the complaint of severe abdominal pain for the past 2 hours. She also complains of a dull pain in her back with nausea and vomiting several times. Her pain has no relation with food. Her past medical history is significant for recurrent abdominal pain due to cholelithiasis. Her father died at the age of 60 with some form of abdominal cancer. Her temperature is 37°C (98.6°F), respirations are 15/min, pulse is 67/min, and blood pressure is 122/98 mm Hg. Physical exam is unremarkable. However, a CT scan of the abdomen shows a calcified mass near her gallbladder. What diagnoses should be excluded first in this patient?",gallbladder cancer.,Codex,Correct,"Gallbladder cancer, Gallstones.",KJ,Correct
"A 67-year-old man is hospitalized after several days of fever and increasing shortness of breath. Respiratory viral panel returns positive for influenza A and the patient is started on a standard five day course of oseltamivir. Despite therapy, his shortness of breath continues to worsen and his oxygen saturation decreases to the point where ICU transfer and intubation are required. Chest radiograph shows bilateral infiltrates. Clinical criteria are consistent with development of Acute Respiratory Distress Syndrome (ARDS). After several weeks of supportive therapy, the patient improves with lung function returning to near normal. Describe the mechanism of alveolar lining regeneration in this patient","The mechanism of alveolar lining regeneration in this patient involves the activation and proliferation of alveolar type II cells, followed by their differentiation into type I cells, mediated by various growth factors and transcription factors.",Codex,Correct,"Activation of alveolar type II cells, production of growth factors and cytokines, recruitment of bone marrow-derived stem cells, and extracellular matrix components.",KJ,Correct
"A 72-year-old woman is brought to the physician by her daughter because of a 6-month history of worsening short-term memory deficits and social withdrawal. Treatment with galantamine is initiated. Two weeks later, the patient develops vomiting, mild crampy abdominal pain, and watery, nonbloody diarrhea.",Stop galantamine.,Codex,Correct,discontinue galantamine and monitor symptoms.,KJ,Correct
"A 25-year-old male involved in a knife fight presents with a penetrating wound to the chest. The patient is unconscious and cannot provide any further history. Vitals show a temperature of 37-0°C (98.6°F), blood pressure of 85/55 mm Hg, pulse of 115/min, respirations of 19/min, and oxygen saturation of 92% on room air. On physical examination, the patient is diaphoretic and unresponsive. Extremities are pale and cool. There is a 3-inch long penetrating wound between the 3rd and 4th intercostal space on the left side of the chest, which is bleeding profusely. Transthoracic echocardiography reveals a full thickness penetrating injury to the right ventricular free wall. There are no apparent injuries to any coronary arteries or major branches. The patient is intubated and aggressive fluid resuscitation is initiated, including a blood transfusion. Explain the surgical approach in the above case ?",Emergency thoracotomy.,Codex,Correct,emergency thoracotomy.,KJ,Correct
"A 53-year-old man with recurrent pancreatic adenocarcinoma is enrolled in a clinical trial for a novel chemotherapeutic agent that his physician believes may be beneficial to his condition. The novel drug was previously tested in a small population and is now undergoing a larger phase 3 trial in preparation for FDA approval. Corresponding to the signs and symptoms, the patient presents with and the investigations performed already, what immediate measures of management are to be initiated, prioritising their urgency, and keeping in mind the probable diagnosis for the same?","Initiate the novel chemotherapeutic agent as part of the clinical trial, monitor the patient's quality of life, perform imaging studies to assess the extent of the disease, and monitor the patient's liver and kidney function.",Codex,Incorrrect,"Assessment of the patient's overall health status, including performance status, organ function, and tumor burden.",KJ,Correct
"Six days after undergoing surgical repair of a hip fracture, a previously healthy 79-year-old woman is agitated and confused. She is unarousable during the day, but then is awake and impulsive during the night, requiring frequent reorientation. Her husband says that she usually drinks one to two glasses of wine weekly. Her only current medication is oxycodone for pain. Her vital signs are within normal limits. She is distressed and oriented to person but not to place or time. Neurologic examination shows inattentiveness but no focal deficits. Urine dipstick is normal. Inattentivenss but no focal deficits after hip fracture is seen in which condition",Delirium.,Codex,Correct,postoperative delirium.,KJ,Correct
"A 27-year-old man presents to the emergency department after a motor vehicle collision. The patient was the front seat unrestrained driver in a head on collision. The patient’s echocardiogram (ECG) is notable only for sinus tachycardia. His temperature is 99.5°F (37.5°C), blood pressure is 107/58 mmHg, pulse is 120/min, respirations are 17/min, and oxygen saturation is 98% on room air. The patient is given 2 liters of Ringer lactate solution and morphine. Initial workup demonstrates that the patient’s pulmonary capillary wedge pressure and troponins are elevated. The patient is currently complaining of chest pain. Physical exam is notable for an uncomfortable young man with bruising over his chest wall. What is the most likely diagnosis?",Pulmonary embolism.,Codex,Correct,Blunt chest trauma.,KJ,Correct
"A 3-year-old boy presents to the emergency department with a ‘cough-like-a-seal bark’ and a high-pitched inspiratory noise that is audible without a stethoscope. His mother reports that his cough has worsened over the last few hours. The patient's blood pressure is 118/78 mm Hg, pulse is 90/min, respiratory rate is 35/min, and temperature is 38.3°C (101.1°F). On physical examination, the boy is sitting and leaning forward in apparent respiratory distress with suprasternal and intercostal retractions. Auscultation reveals inspiratory stridor without wheezing. He has a frequent barking cough and a hoarse voice when he speaks. Explain the radiological finds seen in the patient?","The radiological findings in croup include a characteristic ""steeple"" or ""chimney"" sign on a lateral neck x-ray, which is caused by subglottic edema and narrowing of the airway.",Codex,Correct,Lateral neck X-ray.,KJ,Incorrrect
"A 29-year-old woman presents to the clinic after several months of weight loss. She noticed a 6.8 kg (15 lb) unintentional weight loss over the preceding several months. She has not changed her diet or exercise habits. She also reports feuding with her boyfriend over the temperature of their shared apartment, as she always feels warmer than he does. The vital signs include: heart rate 110/min and blood pressure 146/78 mm Hg. The physical exam is notable for warm and slightly moist skin. She also exhibits a fine tremor in her hands when her arms are outstretched. The urine pregnancy test is negative. What is the treatment option for this patient ?",Thyroid function test.,Codex,Incorrrect,start antithyroid medication.,KJ,Correct
"An otherwise healthy 50-year-old man comes to the physician because of a 6-month history of increasingly frequent episodes of upper abdominal pain, nausea, vomiting, and diarrhea. He has had a 3.2-kg (7-lb) weight loss during this time. Physical examination shows bilateral pitting pedal edema. An endoscopy shows prominent rugae in the gastric fundus. Biopsy shows parietal cell atrophy. Based on the patient's symptoms, physical examination, and biopsy findings, what is the most likely underlying cause or pathophysiology of his condition? Discuss the significance of the parietal cell atrophy and its implications.",Autoimmune atrophic gastritis.,Codex,Correct,"The patient's symptoms of nausea, vomiting, and diarrhea can also be caused by a deficiency of vitamin B12. The patient's bilateral pitting pedal edema can be caused by nephrotic syndrome. The patient's history of upper abdominal pain can be caused by gastritis. The patient's weight loss and history of upper abdominal pain can also be caused by a deficiency of vitamin B12. The patient's history of nausea and vomiting can also be caused by gastritis.",KJ,Correct
"A 17-year-old football player with no significant past medical history, social history, or family history presents to his pediatrician with itching in his groin. He says this started during summer workouts leading up to this season. He denies having any rash anywhere else on his body. The blood pressure is 123/78 mm Hg, pulse is 67/min, respiratory rate is 15/min, and temperature is 38.1°C (98.7°F). Physical examination reveals an erythematous, well-demarcated patch with peripheral scale on the left thigh, pubic region, and perineum. There is no apparent scrotal involvement with the rash. How can you confirm the suspected diagnosis?",Potassium hydroxide (KOH) preparation or skin scraping.,Codex,Correct,skin scraping or a sample of the affected skin examined under a microscope.,KJ,Correct
"Two weeks after undergoing an emergency cardiac catherization with stenting for unstable angina pectoris, a 61-year-old man has decreased urinary output and malaise. He has type 2 diabetes mellitus and osteoarthritis of the hips. Prior to admission, his medications were insulin and naproxen. He was also started on aspirin, clopidogrel, and metoprolol after the coronary intervention. His temperature is 38°C (100.4°F), pulse is 93/min, and blood pressure is 125/85 mm Hg. Examination shows mottled, reticulated purplish discoloration of the feet. Laboratory studies show:
Hemoglobin count 14 g/dL
Leukocyte count 16,400/mm3
Segmented neutrophils 56%
Eosinophils 11%
Lymphocytes 31%
Monocytes 2%
Platelet count 260,000/mm3
Erythrocyte sedimentation rate 68 mm/h
Serum
Urea nitrogen 25 mg/dL
Creatinine 4.2 mg/dL
Renal biopsy shows intravascular spindle-shaped vacuoles. What is the most likely cause of this patient's symptoms?",Thrombotic thrombocytopenic purpura (TTP).,Codex,Correct,thrombotic thrombocytopenic purpura (TTP).,KJ,Correct
"A 40-year-old man presents to his primary-care doctor for a follow-up of his hypertension. He is asymptomatic at his office visit and denies any new complaints. He has a 10-year history of hypertension that remains poorly controlled on maximum doses of lisinopril, hydrochlorothiazide, and amlodipine. His past medical history is otherwise unremarkable. He has no smoking history, drinks alcohol occasionally, and denies any illicit drug use. His father required a kidney transplant in his forties. The physical exam is notable for palpable flank masses bilaterally. Laboratory studies show a creatinine of 2.5. The physician orders a renal ultrasound, and the results are shown. How will you screen for additional complications of this patient's condition?",Order a CT angiogram to screen for intracranial aneurysms.,Codex,Correct,"CT scan of the abdomen and pelvis, 24-hour urine protein collection, blood test for lipid levels and hemoglobin A1C.",KJ,Incorrrect
"A 27-year-old man presents to the emergency department. He was brought in by staff from the homeless shelter when they found him unresponsive. The patient is a known IV drug abuser but otherwise has an unknown past medical history. He currently attends a methadone clinic. His temperature is 99.5°F (37.5°C), blood pressure is 97/48 mmHg, pulse is 140/min, respirations are 29/min, and oxygen saturation is 98% on room air. Initial laboratory values are shown below.

Serum:
Na+: 139 mEq/L
Cl-: 100 mEq/L
K+: 6.3 mEq/L
HCO3-: 17 mEq/L
Glucose: 589 mg/dL

The patient is given treatment. After treatment, his temperature is 99.5°F (37.5°C), blood pressure is 117/78 mmHg, pulse is 100/min, respirations are 23/min, and oxygen saturation is 98% on room air. His laboratory values are seen below.

Serum:
Na+: 139 mEq/L
Cl-: 100 mEq/L
K+: 4. How will you further manage the patient.",Admit the patient to the intensive care unit for close monitoring and management of hypokalemic periodic paralysis. Initiate intravenous potassium replacement to prevent further hypokalemia and cardiac complications. Evaluate the patient's drug use and medical history to determine the underlying cause of his hypokalemia and metabolic acidosis.,Codex,Correct,"close monitoring of vital signs, electrolyte levels, acid-base balance, urine output, and respiratory status. IV fluids, insulin, and potassium supplements should be given. Withdrawal symptoms should be managed with medication.",KJ,Correct
"A 37-year-old man with no significant past medical history is rear-ended in a motor vehicle accident. He reported significant neck pain to emergency responders, but otherwise denies weakness, numbness or tingling in his extremities. His vitals on presentation to the ED are HR 90, BP 140/80, RR 20, SpO2 98%. Describe the steps of management for this patient in emergency room","Immobilize the patient's neck and spine, transport to radiology for imaging studies.",Codex,Correct,"Perform thorough physical examination of the neck and spine, evaluate for other potential injuries, order imaging studies if necessary, monitor vital signs and serial examinations, and manage pain.",KJ,Correct
"A 59-year-old man is evaluated for progressive joint pain. There is swelling and tenderness over the first, second, and third metacarpophalangeal joints of both hands. His hand radiograph is shown. He has had diabetes mellitus for 2 years which is not well controlled with medications. Lab studies show a transferrin saturation of 88% and serum ferritin of 1,200 ng/mL. What best represents the etiology of this patient condition?",Hemochromatosis.,Codex,Correct,Hemochromatosis.,KJ,Correct
A 68-year-old male comes to the physician for evaluation of right flank pain. He has a history of diabetes and peripheral artery disease. His blood pressure is 160/90 mm Hg. Physical examination shows abdominal tenderness and right flank tenderness. An ultrasound shows dilation of the right ureter and renal pelvis.,CT scan of the abdomen and pelvis.,Codex,Correct,No concluded answer,KJ,Incorrrect
"A 26-year-old male presents to his primary care physician with complaints of burning with urination, penile discharge, and intermittent fevers. A urethral smear shows gram negative diplococci within white blood cells. The organism grows well when cultured on Thayer-Martin agar. The patient is prescribed a course of ceftriaxone and the infection resolves without further complication. One year later, the patient returns with the same infection. State the reason for lack of immunity in this patient",Weak immune system.,Codex,Correct,reinfection.,KJ,Incorrrect
"A 4-year-old previously healthy boy presents with 4 days of intermittent vomiting and 5-6 daily loose stools. His mother noted bloody stools and decreased oral intake of food and water over the last 24 hours. He is normally in daycare; however, he has been home for the past 3 days. On physical exam his temperature is 102.2°F (39°C), blood pressure is 140/90 mmHg, pulse is 120/min, respirations are 22/min and O2 saturation is 99% on room air. He has dry mucous membranes. On abdominal exam you note diffuse tenderness to palpation without rebound or guarding. There are no masses, hepatosplenomegaly, and bowel sounds are hyperactive. Ultrasound of the right lower quadrant is negative for appendicitis. Stool is guaiac positive. He receives 15mg/kg acetaminophen and fluids are started. The next day, he complains of lower extremity weakness and tingling. On repeat exam, lower extremity strength is 3/5 with diminished patellar deep tendon reflexes. What other lab findings would most likely be seen in this patient","Urinalysis, blood culture, and E. coli O157:H7 PCR.",Codex,Correct,No concluded answer,KJ,Incorrrect
"A 3-month-old boy presents to his pediatrician with persistent diarrhea, oral candidiasis, and signs and symptoms suggestive of respiratory syncytial virus (RSV) pneumonia. His weight is in the 10th percentile. He is being evaluated for an immunodeficiency disease. Laboratory results for the HIV are negative by PCR. What is the most likely cause of these findings in this patient?",X-linked agammaglobulinemia (XLA).,Codex,Incorrrect,primary immunodeficiency disease.,KJ,Correct
"A 66-year-old man is brought to the emergency room by his wife due to abdominal distension and persistent somnolence for the past 2 weeks. The patient’s wife says that he has been sleeping much more than usual for the past 5 days. His bowel and bladder habit have not changed. His past medical history is significant for alcoholic liver cirrhosis. His vital signs include: pulse 76/min, respiratory rate 15/min, temperature 38.0°C (100.4°F) and blood pressure 122/75 mm Hg. On physical examination, the patient is altered and not responsive to commands. Oriented x 0. The abdomen is significantly distended. Shifting dullness is present and a positive fluid wave can be elicited. Hyperreflexia and asterixis are noted. Laboratory findings are significant for the following:
Laboratory test
Sodium 140 mEq/L
Potassium 3.5 mEq/L
Chloride 97 mEq/L
Glucose 90 mg/dL
Ammonia 100 µg/dL (ref: 19-60 µg/dL)
Arterial blood gas
pH 7.4
pCO2 40 mm Hg
pO2 90 mm Hg
HCO3 26 mEq/L
An abdominal ultrasound shows surface nodularity compatible with cirrhosis but no other changes aside from ascites. An upper GI endoscopy is performed which shows gastric varices with no signs of active bleeding. An MRI of the brain is insignificant. What is the most likely precipitating factor that led to this patient’s condition?",Alcoholic liver cirrhosis.,Codex,Correct,hepatic encephalopathy.,KJ,Correct
"A 57-year-old female with a past medical history of alcoholism presents to the emergency room vomiting bright red blood. She is accompanied by her partner, who reports that she had been complaining of black and tarry stools for the past several days. Vital signs are temperature 37 degrees celsius, heart rate 141 beats per minute, blood pressure 90/60, respiratory rate 20, and oxygen saturation 99% on room air. On physical examination, she has splenomegaly and a positive fluid wave. The remainder of her examination is within normal limits. The patient is stabilized with intravenous fluids, and her blood pressure improves. Subsequent emergent upper endoscopy reveals bleeding from the submucosal veins in the lower 1/3 of the esophagus, but no gastric bleed. In the endoscopy suite she also receives IV octreotide. State the drug mediated treatment strategy for this patient","Proton pump inhibitors, blood transfusion, and addressing alcoholism.",Codex,Incorrrect,Continue octreotide infusion.,KJ,Correct
"A 14-year-old girl is brought to the physician by her father because of fever, chills, abdominal pain, and profuse non-bloody diarrhea. Her symptoms began one week ago, when she had several days of low-grade fever and constipation. She returned from Indonesia 2 weeks ago, where she spent the summer with her grandparents. Her temperature is 39.3°C (102.8°F). Examination shows diffuse abdominal tenderness and mild hepatosplenomegaly. There is a faint salmon-colored maculopapular rash on her trunk and abdomen. what could cause of faint salmon-colored maculopapular rash on her trunk and abdomen and management of the same",Typhoid fever.,Codex,Correct,Typhoid fever.,KJ,Correct
"A 17-year-old girl is referred by her dentist for a suspected eating disorder. She has been visiting the same dentist since childhood and for the past 2 years has had at least 2 visits for dental caries. She eventually admitted to him that she regularly induces vomiting by putting her fingers down her throat. She says she has been doing this for the last few years and purging at least once a week. More recently, she has been inducing emesis more often and even looked into diuretics as she feels that she is gaining more and more weight compared to her ‘skinny friends’. Her BMI is at the 50th percentile for her age and sex. Describe the patho physiology of this condition?",Bulimia nervosa.,Codex,Correct,Bulimia nervosa.,KJ,Correct
"A 62-year-old patient has been hospitalized for a week due to a stroke. One week into the hospitalization, he develops a fever and purulent cough. His vitals include: heart rate 88/min, respiratory rate 20/min, temperature 38.4°C (101.1°F), and blood pressure 110/85 mm Hg. On physical examination, he has basal crackles on the right side of the chest. Chest radiography shows a new consolidation on the same side. What is the most likely causal microorganism?",Streptococcus pneumoniae.,Codex,Correct,Streptococcus pneumoniae.,KJ,Correct
"A 62-year old female comes to the physician because of vaginal spotting and urinary urgency for the past 4 days. She has had no fever, abdominal pain, or diarrhea. Menopause occurred at 52 years of age. Her last Pap smear 1 year ago was normal. She has hypertension, hypercholesterolemia, and diabetes. Medications include atorvastatin, hydrochlorothiazide, metformin, and aspirin. She is sexually active with her husband. Her temperature is 37°C (98.6°F), pulse is 95/min, respirations are 12/min, and blood pressure is 155/65 mm Hg. Pelvic exam demonstrates a 4 x 3 cm firm, immobile erythematous mass on the right inner vaginal wall. What is the appropriate management",Refer to a gynecologist.,Codex,Correct,biopsy of the mass.,KJ,Correct
"A 55-year-old man comes to the physician because of a 6-week history of tingling pain in the sole of his right foot when he raises it above chest level during exercises. He reports that he started exercising regularly 2 months ago and that his right calf cramps when he uses the incline feature on the treadmill, forcing him to take frequent breaks. The pain completely disappears after resting for a few minutes. He has an 8-year history of type 2 diabetes mellitus. He has smoked two packs of cigarettes daily for 34 years. His only medication is metformin. His pulse is 82/min, and blood pressure is 170/92 mm Hg. Straight leg raise test elicits pallor and tingling pain in the right foot. There is no pain in the back. His muscle strength is normal. Femoral pulses are palpable; right pedal pulses are absent. What is the most likely diagnosis for this patient?",Peripheral artery disease.,Codex,Correct,No concluded answer,KJ,Incorrrect
"A 29-year-old primigravid woman at 35 weeks' gestation is admitted to the hospital in labor. She has no history of serious medical illness. She has had an uncomplicated pregnancy. Her last ultrasound at 22 weeks' gestation was normal. On admission, fetal heartbeats cannot be detected by fetal doppler monitor. Ultrasound shows decreased amniotic fluid levels and no evidence of fetal movement, respiration, or heart activity. The patient gives birth to a 2296 g (5 lb 1 oz) male infant. Physical examination shows no signs of life. There are no visible malformations. The placenta is unremarkable. What is the appropriate management","Provide emotional support, monitor for infection or other complications, and send the placenta for pathological examination.",Codex,Correct,counselling the patient and providing appropriate care to the baby and the mother.,KJ,Incorrrect
"A healthy 19-year-old man presents to his primary care provider complaining of painless “blisters” in his mouth. He reports that he noticed a white film on his tongue and the sides of his mouth 2 days ago while brushing his teeth. The film was easily brushed off. He also complains of a bitter metallic taste in his mouth but otherwise denies pain, burning, dysphagia, or hoarseness. He is otherwise healthy and takes no medications. He is a competitive swimmer and has had 8 sexual partners in the past year. He intermittently uses barrier protection. On exam, he is well-appearing and in no acute distress. His oral examination demonstrates patches of white pseudomembranes that can be wiped away to reveal erythematous mucosa. What type of medication mechanism would be most appropriate for the 19-year-old man's oral symptoms?",Antifungal medication.,Codex,Correct,fluconazole.,KJ,Correct
"А 43-уеаr-old mаn рrеѕеntѕ wіth tіnglіng аnd numbnеѕѕ of the lowеr lіmbѕ for 2 wееkѕ. Не also сomрlаіnѕ of реrѕіѕtеnt раіn in his legs whісh is not relieved by over-the-counter analgesics. Past medical history is significant for type 2 dіаbеtes mellitus for 2 уеаrѕ, inconsistently managed with mеtformіn аnd glіmеріrіdе. Оn physical ехаmіnаtіon, thеrе іѕ dесrеаѕеd ѕеnѕаtіon to pain in both lower lіmbs, but deep tеndon rеflехеѕ аrе іntасt. Ніѕ vіtаl ѕіgnѕ include: blood рrеѕѕurе 122/84 mm Нg, tеmреrаturе 36.7°C (98.1°F), and rеѕріrаtorу rаtе 10/mіn. His ankle-brachial pressure index (ABPI) on the right side is 1.1. His blood sugar analyses are as follows:
Fasting 141 mg/ dL
2 hours Post-Prandial 235 mg/ dL
HbA1c 8. What is the best measure to prevent the progression of the symptoms present in this patient?",optimize his diabetes management,Codex,Correct,starting insulin therapy.,KJ,Correct
"A 61-year-old man with schizophrenia in a locked inpatient psychiatry unit was observed making an unusual smacking motion with his lips, pursing his mouth, and blinking excessively. These symptoms started slowly about 2 weeks ago and have become more pronounced, but they do not seem to bother the patient. He resides in an inpatient psychiatric facility where he has been successfully treated with haloperidol for the past several months. His physical exam and vitals are within normal limits. What accurately describes his symptoms?
",Tardive dyskinesia.,Codex,Correct,Tardive dyskinesia.,KJ,Correct
A 65-year-old male is treated for anal carcinoma with therapy including external beam radiation. How does radiation affect cancer cells?,Radiation therapy works by damaging the DNA of cancer cells.,Codex,Correct,"Radiation therapy works by damaging the DNA of cancer cells, which can lead to cell death or inability to divide and grow.",KJ,Correct
"A 56-year-old man presents to the clinic complaining of subacute back pain for the past month. The pain is described as a dull, constant ache that is worse at night. He could not recall any precipitating event except for an amateur weight-lifting competition that he participated in 2 months ago. Past medical history is significant for non-small cell lung cancer that was diagnosed and successfully treated. A PET scan 1 year ago demonstrated no recurrence. Physical exam was unremarkable except for some point tenderness along the lumbosacral area. Corresponding to the signs and symptoms, the patient presents with and the investigations performed already, what immediate measures of management are to be initiated, prioritising their urgency, and keeping in mind the probable diagnosis for the same?","Urgent plain radiography of the lumbar spine, followed by an urgent MRI of the lumbar spine if positive, and referral to an oncologist.",Codex,Correct,"Urgent imaging studies, pain management, oncology consultation, radiation therapy, and supportive care.",KJ,Correct
"A 42-year-old woman comes to the emergency department because of a 2-day history of right upper abdominal pain and nausea. She is 163 cm (5 ft 4 in) tall and weighs 91 kg (200 lb); her BMI is 34 kg/m2. Her temperature is 38.5°C (101.3°F). Physical examination shows a distended abdomen and right upper quadrant tenderness with normal bowel sounds. Laboratory studies show:
Leukocyte count 14,000/mm3
Serum
Total bilirubin 1.1 mg/dL
AST 32 U/L
ALT 40 U/L
Alkaline phosphatase 68 U/L
Abdominal ultrasonography is performed, but the results are inconclusive. Cholescintigraphy shows the intrahepatic bile ducts, hepatic ducts, common bile duct, and proximal small bowel. What is causing the patient's symptoms?",Acute cholangitis.,Codex,Correct,acute cholecystitis.,KJ,Correct
"A 65-year-old man is brought to the emergency department 30 minutes after the onset of acute chest pain. He has hypertension and asthma. Current medications include atorvastatin, lisinopril, and an albuterol inhaler. He appears pale and diaphoretic. His pulse is 114/min and blood pressure is 130/88 mm Hg. An ECG shows ST-segment depressions in leads II, III, and aVF. Laboratory studies show an increased serum troponin T concentration. The patient is treated for acute coronary syndrome and undergoes percutaneous transluminal coronary angioplasty. At the time of discharge, echocardiography shows a left ventricular ejection fraction of 58%. Describe the medication regimen in this patient","Atorvastatin, Lisinopril, Albuterol inhaler, Beta blockers, ACE inhibitors or ARBs, Antiplatelet agents, Nitrates, Aldactone.",Codex,Correct,"Atorvastatin, Lisinopril, Albuterol inhaler, Beta blockers, ACE inhibitors or ARBs, Statins, Antiplatelet agents.",KJ,Correct
A 67-year-old man with transitional cell carcinoma of the bladder comes to the physician because of a 2-day history of ringing sensation in his ear. He received this first course of neoadjuvant chemotherapy 1 week ago. Pure tone audiometry shows a sensorineural hearing loss of 45 dB. What kind of Adverse drug reaction is this and which beneficial effect of the drug that caused this patient's symptoms is most likely due to which of the following actions,Ototoxicity.,Codex,Correct,Ototoxicity due to Cisplatin.,KJ,Correct
A 20-year-old man comes to the physician because of worsening gait unsteadiness and bilateral hearing loss for 1 month. He has had intermittent tingling sensations on both cheeks over this time period. He has no history of serious medical illness and takes no medications. Audiometry shows bilateral sensorineural hearing loss. Genetic evaluation shows a mutation of a tumor suppressor gene on chromosome 22 that encodes merlin. This patient is at increased risk for what condition?,Neurofibromatosis type 2 (NF2).,Codex,Correct,Neurofibromatosis type 2.,KJ,Correct
"A junior orthopaedic surgery resident is completing a carpal tunnel repair with the department chairman as the attending physician. During the case, the resident inadvertently cuts a flexor tendon. The tendon is repaired without complication. The attending tells the resident that the patient will do fine, and there is no need to report this minor complication that will not harm the patient, as he does not want to make the patient worry unnecessarily. He tells the resident to leave this complication out of the operative report. Describe the appropriate ethical action that the resident must take in this condition","The resident should document the complication in the operative report, even if the attending physician has instructed them not to.",Codex,Correct,The resident should explain to the attending physician that it is important to document the complication in the operative report and should consider discussing the issue with another senior physician or the hospital's risk management department if the attending physician still refuses to document the complication.,KJ,Correct
"A medical research study is evaluating an investigational novel drug (medication 1) compared with standard therapy (medication 2) in patients presenting to the emergency department with myocardial infarction (MI). The study enrolled a total of 3,000 subjects, 1,500 in each study arm. Follow-up was conducted at 45 days post-MI. The following are the results of the trial:
Endpoints Medication 1 Medication 2 P-Value
Primary: death from cardiac causes 134 210 0.03
Secondary: hyperkalemia 57 70 0.4
What is the number needed to treat (NNT) for the primary endpoint of death from cardiac causes? (Round to the nearest whole number. What is the number needed to treat (NNT) for the primary endpoint of death from cardiac causes? (Round to the nearest whole number.)",20,Codex,Correct,1.79.,KJ,Incorrrect
A 3-week-old male newborn is brought to the physician because of an inward turning of his left forefoot. He was born at 38 weeks' gestation by cesarean section because of breech presentation. The pregnancy was complicated by oligohydramnios. Examination shows concavity of the medial border of the left foot with a skin crease just below the ball of the great toe. The lateral border of the left foot is convex. The heel is in neutral position. Tickling the lateral border of the foot leads to correction of the deformity. The remainder of the examination shows no abnormalities. X-ray of the left foot shows an increased angle between the 1st and 2nd metatarsal bones. What is the most suitable course of action to manage this case?,Immobilize the foot in a neutral position using a cast or splint.,Codex,Incorrrect,serial manipulations.,KJ,Incorrrect